filename,sign_id,subject,repetition,sign_name,num_frames
052_005_001.npy,52,5,1,Shut down,56
052_009_003.npy,52,9,3,Shut down,66
046_008_004.npy,46,8,4,Candy,69
010_002_005.npy,10,2,5,Enemy,70
022_009_005.npy,22,9,5,Water,82
043_004_003.npy,43,4,3,Trap,69
060_007_003.npy,60,7,3,Copy,78
004_003_003.npy,4,3,3,Yellow,45
050_004_004.npy,50,4,4,Accept,68
050_004_001.npy,50,4,1,Accept,64
039_007_003.npy,39,7,3,Name,84
036_005_001.npy,36,5,1,Music,65
013_002_001.npy,13,2,1,Away,34
006_010_003.npy,6,10,3,Light-blue,108
033_009_002.npy,33,9,2,Hungry,67
061_005_004.npy,61,5,4,Run,82
017_009_003.npy,17,9,3,Call,63
002_008_001.npy,2,8,1,Red,77
006_006_005.npy,6,6,5,Light-blue,157
017_007_001.npy,17,7,1,Call,58
032_002_003.npy,32,2,3,Photo,66
025_008_001.npy,25,8,1,Uruguay,76
046_006_004.npy,46,6,4,Candy,102
019_004_005.npy,19,4,5,Bitter,64
058_003_005.npy,58,3,5,Bathe,96
035_003_005.npy,35,3,5,Coin,62
018_004_004.npy,18,4,4,Skimmer,69
033_010_001.npy,33,10,1,Hungry,144
014_010_004.npy,14,10,4,Drawer,38
020_007_005.npy,20,7,5,Sweet milk,34
053_005_005.npy,53,5,5,Appear,68
062_009_005.npy,62,9,5,Realize,72
003_008_005.npy,3,8,5,Green,76
035_002_003.npy,35,2,3,Coin,115
058_008_005.npy,58,8,5,Bathe,88
015_003_001.npy,15,3,1,Born,46
017_007_002.npy,17,7,2,Call,44
015_010_001.npy,15,10,1,Born,25
021_010_004.npy,21,10,4,Milk,69
036_006_001.npy,36,6,1,Music,112
060_002_001.npy,60,2,1,Copy,80
040_001_005.npy,40,1,5,Patience,94
007_005_002.npy,7,5,2,Colors,53
017_005_004.npy,17,5,4,Call,42
018_003_001.npy,18,3,1,Skimmer,72
059_009_004.npy,59,9,4,Buy,68
047_003_003.npy,47,3,3,Chewing-gum,81
012_008_005.npy,12,8,5,Man,110
048_003_005.npy,48,3,5,Spaghetti,91
022_001_003.npy,22,1,3,Water,75
026_002_003.npy,26,2,3,Country,164
037_004_003.npy,37,4,3,Ship,79
010_008_002.npy,10,8,2,Enemy,47
001_003_001.npy,1,3,1,Opaque,62
016_006_004.npy,16,6,4,Learn,77
025_004_001.npy,25,4,1,Uruguay,66
043_001_004.npy,43,1,4,Trap,78
021_007_001.npy,21,7,1,Milk,87
030_006_005.npy,30,6,5,Birthday,190
042_007_001.npy,42,7,1,Deaf,83
003_005_005.npy,3,5,5,Green,71
023_002_002.npy,23,2,2,Food,78
026_010_001.npy,26,10,1,Country,113
012_007_004.npy,12,7,4,Man,111
043_010_003.npy,43,10,3,Trap,113
061_002_001.npy,61,2,1,Run,75
058_002_004.npy,58,2,4,Bathe,142
022_007_002.npy,22,7,2,Water,59
028_002_001.npy,28,2,1,Where,140
022_001_004.npy,22,1,4,Water,63
058_002_002.npy,58,2,2,Bathe,108
032_004_002.npy,32,4,2,Photo,90
064_007_003.npy,64,7,3,Find,57
031_009_004.npy,31,9,4,Breakfast,109
007_004_003.npy,7,4,3,Colors,46
029_004_004.npy,29,4,4,Mock,59
004_004_002.npy,4,4,2,Yellow,50
047_005_004.npy,47,5,4,Chewing-gum,86
017_005_002.npy,17,5,2,Call,63
061_003_004.npy,61,3,4,Run,96
049_001_004.npy,49,1,4,Yogurt,143
006_005_003.npy,6,5,3,Light-blue,132
006_009_002.npy,6,9,2,Light-blue,109
031_005_003.npy,31,5,3,Breakfast,85
039_008_001.npy,39,8,1,Name,73
019_001_002.npy,19,1,2,Bitter,37
003_001_001.npy,3,1,1,Green,61
026_008_003.npy,26,8,3,Country,47
042_004_001.npy,42,4,1,Deaf,73
036_010_001.npy,36,10,1,Music,143
042_009_002.npy,42,9,2,Deaf,66
045_002_001.npy,45,2,1,Barbecue,93
007_010_002.npy,7,10,2,Colors,57
029_010_003.npy,29,10,3,Mock,74
055_003_005.npy,55,3,5,Catch,57
024_007_004.npy,24,7,4,Argentina,48
049_002_004.npy,49,2,4,Yogurt,134
039_010_002.npy,39,10,2,Name,141
011_008_005.npy,11,8,5,Son,66
006_001_005.npy,6,1,5,Light-blue,101
044_010_001.npy,44,10,1,Rice,94
037_007_004.npy,37,7,4,Ship,81
034_006_001.npy,34,6,1,Map,125
001_009_003.npy,1,9,3,Opaque,31
058_010_003.npy,58,10,3,Bathe,74
031_007_001.npy,31,7,1,Breakfast,117
010_006_005.npy,10,6,5,Enemy,67
009_002_004.npy,9,2,4,Women,101
008_009_005.npy,8,9,5,Pink,32
007_002_005.npy,7,2,5,Colors,71
024_007_003.npy,24,7,3,Argentina,67
011_001_005.npy,11,1,5,Son,83
001_004_002.npy,1,4,2,Opaque,59
021_009_004.npy,21,9,4,Milk,80
015_008_005.npy,15,8,5,Born,80
060_005_001.npy,60,5,1,Copy,70
061_002_002.npy,61,2,2,Run,81
051_007_005.npy,51,7,5,Thanks,94
011_001_001.npy,11,1,1,Son,70
040_009_005.npy,40,9,5,Patience,123
052_007_002.npy,52,7,2,Shut down,49
025_003_003.npy,25,3,3,Uruguay,93
059_008_004.npy,59,8,4,Buy,83
011_003_003.npy,11,3,3,Son,70
047_006_004.npy,47,6,4,Chewing-gum,106
064_003_005.npy,64,3,5,Find,62
036_007_003.npy,36,7,3,Music,77
056_006_003.npy,56,6,3,Help,76
007_009_003.npy,7,9,3,Colors,38
003_003_003.npy,3,3,3,Green,90
064_004_001.npy,64,4,1,Find,39
008_007_001.npy,8,7,1,Pink,43
057_002_004.npy,57,2,4,Dance,144
013_008_001.npy,13,8,1,Away,80
027_007_003.npy,27,7,3,Last name,72
054_002_003.npy,54,2,3,To land,144
033_010_004.npy,33,10,4,Hungry,143
013_001_002.npy,13,1,2,Away,101
005_005_005.npy,5,5,5,Bright,86
004_010_005.npy,4,10,5,Yellow,57
052_010_005.npy,52,10,5,Shut down,103
026_004_002.npy,26,4,2,Country,115
034_005_002.npy,34,5,2,Map,124
014_009_003.npy,14,9,3,Drawer,37
028_009_002.npy,28,9,2,Where,80
014_007_003.npy,14,7,3,Drawer,30
006_006_002.npy,6,6,2,Light-blue,121
004_009_001.npy,4,9,1,Yellow,68
037_009_003.npy,37,9,3,Ship,87
051_010_005.npy,51,10,5,Thanks,85
025_009_003.npy,25,9,3,Uruguay,91
061_010_005.npy,61,10,5,Run,78
036_006_002.npy,36,6,2,Music,118
023_001_002.npy,23,1,2,Food,66
057_001_003.npy,57,1,3,Dance,67
027_010_004.npy,27,10,4,Last name,62
048_005_004.npy,48,5,4,Spaghetti,142
001_003_005.npy,1,3,5,Opaque,75
048_007_005.npy,48,7,5,Spaghetti,118
054_004_001.npy,54,4,1,To land,85
064_004_002.npy,64,4,2,Find,46
020_001_001.npy,20,1,1,Sweet milk,55
018_004_002.npy,18,4,2,Skimmer,70
029_009_005.npy,29,9,5,Mock,61
026_006_004.npy,26,6,4,Country,144
023_009_001.npy,23,9,1,Food,80
059_001_005.npy,59,1,5,Buy,60
064_002_005.npy,64,2,5,Find,66
056_009_002.npy,56,9,2,Help,60
019_002_001.npy,19,2,1,Bitter,70
026_004_005.npy,26,4,5,Country,68
045_001_004.npy,45,1,4,Barbecue,103
049_003_003.npy,49,3,3,Yogurt,108
034_002_001.npy,34,2,1,Map,154
020_009_005.npy,20,9,5,Sweet milk,62
028_003_002.npy,28,3,2,Where,87
036_002_001.npy,36,2,1,Music,104
062_003_005.npy,62,3,5,Realize,51
045_008_003.npy,45,8,3,Barbecue,100
036_008_002.npy,36,8,2,Music,75
022_006_005.npy,22,6,5,Water,88
018_003_003.npy,18,3,3,Skimmer,111
009_010_003.npy,9,10,3,Women,78
008_001_003.npy,8,1,3,Pink,62
040_008_002.npy,40,8,2,Patience,98
063_006_003.npy,63,6,3,Give,57
064_010_002.npy,64,10,2,Find,111
001_005_001.npy,1,5,1,Opaque,45
005_001_001.npy,5,1,1,Bright,65
048_009_002.npy,48,9,2,Spaghetti,83
040_006_003.npy,40,6,3,Patience,130
008_002_002.npy,8,2,2,Pink,38
019_009_002.npy,19,9,2,Bitter,44
004_009_005.npy,4,9,5,Yellow,41
052_005_005.npy,52,5,5,Shut down,62
043_001_003.npy,43,1,3,Trap,60
027_004_005.npy,27,4,5,Last name,72
045_009_001.npy,45,9,1,Barbecue,111
050_004_005.npy,50,4,5,Accept,52
039_010_005.npy,39,10,5,Name,114
008_008_004.npy,8,8,4,Pink,57
010_003_002.npy,10,3,2,Enemy,44
017_009_001.npy,17,9,1,Call,50
026_010_004.npy,26,10,4,Country,141
036_010_005.npy,36,10,5,Music,70
023_009_004.npy,23,9,4,Food,75
063_002_001.npy,63,2,1,Give,129
043_005_005.npy,43,5,5,Trap,68
023_010_001.npy,23,10,1,Food,85
026_007_001.npy,26,7,1,Country,73
054_009_003.npy,54,9,3,To land,111
040_010_004.npy,40,10,4,Patience,171
048_010_004.npy,48,10,4,Spaghetti,140
047_004_004.npy,47,4,4,Chewing-gum,79
060_001_001.npy,60,1,1,Copy,100
039_006_005.npy,39,6,5,Name,75
016_008_001.npy,16,8,1,Learn,89
017_009_004.npy,17,9,4,Call,67
032_002_001.npy,32,2,1,Photo,73
041_006_004.npy,41,6,4,Perfume,133
060_007_001.npy,60,7,1,Copy,110
044_007_003.npy,44,7,3,Rice,86
055_001_005.npy,55,1,5,Catch,61
034_001_003.npy,34,1,3,Map,173
012_006_003.npy,12,6,3,Man,132
051_006_001.npy,51,6,1,Thanks,108
051_003_001.npy,51,3,1,Thanks,122
040_009_001.npy,40,9,1,Patience,90
027_008_004.npy,27,8,4,Last name,49
041_008_003.npy,41,8,3,Perfume,109
001_007_004.npy,1,7,4,Opaque,73
040_001_003.npy,40,1,3,Patience,70
002_009_001.npy,2,9,1,Red,72
020_005_005.npy,20,5,5,Sweet milk,44
042_006_002.npy,42,6,2,Deaf,141
049_008_001.npy,49,8,1,Yogurt,135
018_008_001.npy,18,8,1,Skimmer,79
035_003_003.npy,35,3,3,Coin,109
029_009_003.npy,29,9,3,Mock,78
020_009_004.npy,20,9,4,Sweet milk,55
003_003_002.npy,3,3,2,Green,70
043_002_005.npy,43,2,5,Trap,79
042_008_003.npy,42,8,3,Deaf,112
032_007_001.npy,32,7,1,Photo,77
039_005_005.npy,39,5,5,Name,76
014_002_005.npy,14,2,5,Drawer,33
005_009_002.npy,5,9,2,Bright,75
020_009_002.npy,20,9,2,Sweet milk,49
033_005_001.npy,33,5,1,Hungry,54
024_005_002.npy,24,5,2,Argentina,42
059_005_004.npy,59,5,4,Buy,29
023_005_001.npy,23,5,1,Food,97
052_003_004.npy,52,3,4,Shut down,64
054_007_005.npy,54,7,5,To land,94
018_006_001.npy,18,6,1,Skimmer,59
014_010_005.npy,14,10,5,Drawer,16
015_009_005.npy,15,9,5,Born,68
006_002_003.npy,6,2,3,Light-blue,95
052_004_002.npy,52,4,2,Shut down,38
055_007_001.npy,55,7,1,Catch,55
050_001_003.npy,50,1,3,Accept,85
015_005_005.npy,15,5,5,Born,59
020_008_003.npy,20,8,3,Sweet milk,68
035_007_002.npy,35,7,2,Coin,115
039_007_004.npy,39,7,4,Name,56
041_003_002.npy,41,3,2,Perfume,136
022_007_004.npy,22,7,4,Water,70
023_001_001.npy,23,1,1,Food,66
035_001_005.npy,35,1,5,Coin,108
045_006_002.npy,45,6,2,Barbecue,115
022_004_001.npy,22,4,1,Water,69
050_007_002.npy,50,7,2,Accept,70
059_008_002.npy,59,8,2,Buy,83
027_010_002.npy,27,10,2,Last name,97
010_004_005.npy,10,4,5,Enemy,45
031_007_002.npy,31,7,2,Breakfast,143
002_010_004.npy,2,10,4,Red,77
031_009_001.npy,31,9,1,Breakfast,100
021_004_003.npy,21,4,3,Milk,107
021_009_003.npy,21,9,3,Milk,92
053_003_002.npy,53,3,2,Appear,61
013_003_005.npy,13,3,5,Away,67
044_010_004.npy,44,10,4,Rice,141
026_001_004.npy,26,1,4,Country,77
003_006_001.npy,3,6,1,Green,79
002_009_002.npy,2,9,2,Red,64
049_008_005.npy,49,8,5,Yogurt,87
014_007_004.npy,14,7,4,Drawer,59
016_003_004.npy,16,3,4,Learn,100
056_009_005.npy,56,9,5,Help,77
013_001_003.npy,13,1,3,Away,92
055_001_004.npy,55,1,4,Catch,74
012_005_004.npy,12,5,4,Man,109
033_008_005.npy,33,8,5,Hungry,71
005_002_005.npy,5,2,5,Bright,88
030_001_005.npy,30,1,5,Birthday,78
012_005_001.npy,12,5,1,Man,110
040_003_005.npy,40,3,5,Patience,95
015_003_002.npy,15,3,2,Born,53
050_002_003.npy,50,2,3,Accept,69
062_006_005.npy,62,6,5,Realize,94
008_005_005.npy,8,5,5,Pink,68
021_003_002.npy,21,3,2,Milk,97
032_004_003.npy,32,4,3,Photo,76
006_007_004.npy,6,7,4,Light-blue,109
050_009_005.npy,50,9,5,Accept,66
033_004_001.npy,33,4,1,Hungry,64
001_009_002.npy,1,9,2,Opaque,67
020_006_004.npy,20,6,4,Sweet milk,53
040_001_004.npy,40,1,4,Patience,78
037_004_005.npy,37,4,5,Ship,77
027_004_004.npy,27,4,4,Last name,73
010_001_005.npy,10,1,5,Enemy,39
045_002_003.npy,45,2,3,Barbecue,107
059_004_003.npy,59,4,3,Buy,57
014_009_002.npy,14,9,2,Drawer,30
027_002_003.npy,27,2,3,Last name,44
032_003_003.npy,32,3,3,Photo,82
060_006_003.npy,60,6,3,Copy,101
022_010_004.npy,22,10,4,Water,75
010_007_002.npy,10,7,2,Enemy,42
029_005_002.npy,29,5,2,Mock,52
059_001_001.npy,59,1,1,Buy,66
021_007_004.npy,21,7,4,Milk,99
022_006_003.npy,22,6,3,Water,83
059_008_001.npy,59,8,1,Buy,83
030_001_003.npy,30,1,3,Birthday,91
043_006_005.npy,43,6,5,Trap,74
032_001_001.npy,32,1,1,Photo,91
037_008_001.npy,37,8,1,Ship,42
044_005_002.npy,44,5,2,Rice,65
032_008_002.npy,32,8,2,Photo,78
054_009_001.npy,54,9,1,To land,86
058_009_002.npy,58,9,2,Bathe,66
020_006_001.npy,20,6,1,Sweet milk,47
020_003_004.npy,20,3,4,Sweet milk,64
049_007_001.npy,49,7,1,Yogurt,91
057_006_001.npy,57,6,1,Dance,103
051_001_001.npy,51,1,1,Thanks,122
041_005_003.npy,41,5,3,Perfume,100
046_002_005.npy,46,2,5,Candy,141
046_003_002.npy,46,3,2,Candy,75
005_010_002.npy,5,10,2,Bright,118
004_008_004.npy,4,8,4,Yellow,70
002_010_005.npy,2,10,5,Red,54
052_006_004.npy,52,6,4,Shut down,59
003_002_004.npy,3,2,4,Green,102
036_006_005.npy,36,6,5,Music,104
019_009_003.npy,19,9,3,Bitter,41
035_001_004.npy,35,1,4,Coin,100
038_006_005.npy,38,6,5,None,64
004_003_001.npy,4,3,1,Yellow,42
060_010_004.npy,60,10,4,Copy,142
036_004_002.npy,36,4,2,Music,73
058_003_002.npy,58,3,2,Bathe,92
037_002_005.npy,37,2,5,Ship,141
023_008_003.npy,23,8,3,Food,88
050_009_002.npy,50,9,2,Accept,75
024_004_002.npy,24,4,2,Argentina,45
028_010_005.npy,28,10,5,Where,143
026_005_005.npy,26,5,5,Country,70
047_001_004.npy,47,1,4,Chewing-gum,103
029_003_001.npy,29,3,1,Mock,50
034_010_003.npy,34,10,3,Map,130
010_009_002.npy,10,9,2,Enemy,39
028_007_004.npy,28,7,4,Where,128
062_008_001.npy,62,8,1,Realize,79
020_004_001.npy,20,4,1,Sweet milk,60
059_007_003.npy,59,7,3,Buy,65
005_003_003.npy,5,3,3,Bright,96
001_005_003.npy,1,5,3,Opaque,50
007_008_003.npy,7,8,3,Colors,76
041_010_003.npy,41,10,3,Perfume,92
037_005_003.npy,37,5,3,Ship,76
025_008_002.npy,25,8,2,Uruguay,110
046_010_005.npy,46,10,5,Candy,74
016_004_002.npy,16,4,2,Learn,70
062_003_004.npy,62,3,4,Realize,120
030_010_004.npy,30,10,4,Birthday,142
036_009_003.npy,36,9,3,Music,93
061_001_005.npy,61,1,5,Run,143
034_003_001.npy,34,3,1,Map,188
027_002_004.npy,27,2,4,Last name,50
029_010_005.npy,29,10,5,Mock,104
051_004_001.npy,51,4,1,Thanks,89
033_004_004.npy,33,4,4,Hungry,51
034_009_001.npy,34,9,1,Map,107
041_006_005.npy,41,6,5,Perfume,201
061_007_002.npy,61,7,2,Run,82
013_001_001.npy,13,1,1,Away,99
064_008_001.npy,64,8,1,Find,72
001_001_005.npy,1,1,5,Opaque,45
026_008_001.npy,26,8,1,Country,47
003_006_004.npy,3,6,4,Green,98
029_004_003.npy,29,4,3,Mock,57
050_003_004.npy,50,3,4,Accept,79
045_005_001.npy,45,5,1,Barbecue,134
013_003_004.npy,13,3,4,Away,65
043_005_002.npy,43,5,2,Trap,73
037_009_004.npy,37,9,4,Ship,85
037_006_002.npy,37,6,2,Ship,77
059_004_004.npy,59,4,4,Buy,55
032_006_002.npy,32,6,2,Photo,111
030_008_001.npy,30,8,1,Birthday,111
009_007_005.npy,9,7,5,Women,80
030_009_001.npy,30,9,1,Birthday,105
060_007_002.npy,60,7,2,Copy,110
003_003_004.npy,3,3,4,Green,72
050_008_001.npy,50,8,1,Accept,81
013_005_005.npy,13,5,5,Away,101
022_010_003.npy,22,10,3,Water,83
015_007_001.npy,15,7,1,Born,60
047_002_003.npy,47,2,3,Chewing-gum,107
041_005_001.npy,41,5,1,Perfume,105
043_003_002.npy,43,3,2,Trap,51
013_001_005.npy,13,1,5,Away,73
056_001_001.npy,56,1,1,Help,64
041_002_003.npy,41,2,3,Perfume,88
048_007_004.npy,48,7,4,Spaghetti,112
034_007_003.npy,34,7,3,Map,133
011_008_004.npy,11,8,4,Son,53
001_005_002.npy,1,5,2,Opaque,65
035_009_005.npy,35,9,5,Coin,75
059_001_004.npy,59,1,4,Buy,69
031_005_004.npy,31,5,4,Breakfast,99
013_005_004.npy,13,5,4,Away,111
053_009_004.npy,53,9,4,Appear,70
027_009_004.npy,27,9,4,Last name,87
039_003_005.npy,39,3,5,Name,89
004_003_002.npy,4,3,2,Yellow,41
058_003_003.npy,58,3,3,Bathe,95
043_010_001.npy,43,10,1,Trap,112
035_003_001.npy,35,3,1,Coin,63
008_007_002.npy,8,7,2,Pink,25
013_006_005.npy,13,6,5,Away,68
001_008_003.npy,1,8,3,Opaque,48
056_003_004.npy,56,3,4,Help,71
037_007_001.npy,37,7,1,Ship,80
001_001_002.npy,1,1,2,Opaque,99
005_006_004.npy,5,6,4,Bright,102
060_003_004.npy,60,3,4,Copy,88
033_008_002.npy,33,8,2,Hungry,70
058_008_004.npy,58,8,4,Bathe,79
026_001_001.npy,26,1,1,Country,70
059_009_003.npy,59,9,3,Buy,60
051_002_004.npy,51,2,4,Thanks,118
047_007_005.npy,47,7,5,Chewing-gum,78
052_002_002.npy,52,2,2,Shut down,86
030_003_004.npy,30,3,4,Birthday,142
042_005_005.npy,42,5,5,Deaf,167
043_003_003.npy,43,3,3,Trap,86
064_007_004.npy,64,7,4,Find,52
048_004_001.npy,48,4,1,Spaghetti,101
047_001_003.npy,47,1,3,Chewing-gum,103
048_008_002.npy,48,8,2,Spaghetti,106
039_009_004.npy,39,9,4,Name,65
059_007_005.npy,59,7,5,Buy,62
030_006_004.npy,30,6,4,Birthday,133
036_007_002.npy,36,7,2,Music,106
007_005_004.npy,7,5,4,Colors,89
048_010_002.npy,48,10,2,Spaghetti,144
003_009_003.npy,3,9,3,Green,66
024_001_004.npy,24,1,4,Argentina,71
009_008_005.npy,9,8,5,Women,82
062_009_004.npy,62,9,4,Realize,57
060_010_001.npy,60,10,1,Copy,113
022_006_004.npy,22,6,4,Water,55
046_001_004.npy,46,1,4,Candy,100
025_005_002.npy,25,5,2,Uruguay,88
042_005_001.npy,42,5,1,Deaf,110
032_006_004.npy,32,6,4,Photo,118
029_005_003.npy,29,5,3,Mock,61
029_007_002.npy,29,7,2,Mock,53
003_002_003.npy,3,2,3,Green,73
039_001_004.npy,39,1,4,Name,47
004_006_002.npy,4,6,2,Yellow,79
016_010_004.npy,16,10,4,Learn,77
005_004_004.npy,5,4,4,Bright,66
050_007_003.npy,50,7,3,Accept,64
033_002_001.npy,33,2,1,Hungry,96
003_008_003.npy,3,8,3,Green,66
048_007_003.npy,48,7,3,Spaghetti,99
050_006_004.npy,50,6,4,Accept,82
040_005_001.npy,40,5,1,Patience,76
040_004_003.npy,40,4,3,Patience,68
019_002_005.npy,19,2,5,Bitter,41
062_008_002.npy,62,8,2,Realize,113
005_007_005.npy,5,7,5,Bright,65
032_010_005.npy,32,10,5,Photo,107
039_002_003.npy,39,2,3,Name,114
020_009_001.npy,20,9,1,Sweet milk,45
017_008_002.npy,17,8,2,Call,54
021_006_002.npy,21,6,2,Milk,91
011_005_005.npy,11,5,5,Son,52
029_007_001.npy,29,7,1,Mock,83
025_006_001.npy,25,6,1,Uruguay,144
051_007_001.npy,51,7,1,Thanks,99
042_010_003.npy,42,10,3,Deaf,142
004_005_005.npy,4,5,5,Yellow,58
008_010_004.npy,8,10,4,Pink,59
012_004_001.npy,12,4,1,Man,139
011_004_001.npy,11,4,1,Son,45
032_006_001.npy,32,6,1,Photo,116
061_004_005.npy,61,4,5,Run,85
011_006_005.npy,11,6,5,Son,42
054_008_004.npy,54,8,4,To land,77
037_002_004.npy,37,2,4,Ship,104
053_001_002.npy,53,1,2,Appear,68
048_001_001.npy,48,1,1,Spaghetti,99
031_009_005.npy,31,9,5,Breakfast,121
063_009_005.npy,63,9,5,Give,112
017_006_005.npy,17,6,5,Call,55
027_002_001.npy,27,2,1,Last name,73
064_007_001.npy,64,7,1,Find,55
044_004_001.npy,44,4,1,Rice,82
034_005_005.npy,34,5,5,Map,154
005_009_004.npy,5,9,4,Bright,71
044_008_002.npy,44,8,2,Rice,74
001_004_003.npy,1,4,3,Opaque,80
047_010_005.npy,47,10,5,Chewing-gum,111
050_001_002.npy,50,1,2,Accept,144
003_007_002.npy,3,7,2,Green,63
036_002_002.npy,36,2,2,Music,103
027_008_005.npy,27,8,5,Last name,77
018_008_002.npy,18,8,2,Skimmer,85
053_004_005.npy,53,4,5,Appear,34
030_002_004.npy,30,2,4,Birthday,113
018_001_004.npy,18,1,4,Skimmer,68
015_001_001.npy,15,1,1,Born,68
049_001_003.npy,49,1,3,Yogurt,174
054_006_005.npy,54,6,5,To land,79
053_003_005.npy,53,3,5,Appear,66
035_006_005.npy,35,6,5,Coin,84
023_010_002.npy,23,10,2,Food,82
054_002_004.npy,54,2,4,To land,141
048_010_001.npy,48,10,1,Spaghetti,110
059_009_005.npy,59,9,5,Buy,75
034_001_005.npy,34,1,5,Map,168
018_010_001.npy,18,10,1,Skimmer,83
054_009_004.npy,54,9,4,To land,90
059_004_001.npy,59,4,1,Buy,91
013_007_001.npy,13,7,1,Away,55
048_002_004.npy,48,2,4,Spaghetti,97
052_003_002.npy,52,3,2,Shut down,59
041_005_002.npy,41,5,2,Perfume,121
060_005_002.npy,60,5,2,Copy,49
043_009_003.npy,43,9,3,Trap,58
006_003_004.npy,6,3,4,Light-blue,80
010_001_003.npy,10,1,3,Enemy,47
007_001_002.npy,7,1,2,Colors,77
038_009_003.npy,38,9,3,None,66
047_007_003.npy,47,7,3,Chewing-gum,77
027_006_002.npy,27,6,2,Last name,60
017_003_003.npy,17,3,3,Call,72
007_006_001.npy,7,6,1,Colors,77
040_008_004.npy,40,8,4,Patience,76
045_001_002.npy,45,1,2,Barbecue,145
033_006_003.npy,33,6,3,Hungry,98
028_002_002.npy,28,2,2,Where,73
029_002_001.npy,29,2,1,Mock,143
046_010_004.npy,46,10,4,Candy,72
061_006_004.npy,61,6,4,Run,104
026_004_004.npy,26,4,4,Country,57
014_004_005.npy,14,4,5,Drawer,81
054_007_004.npy,54,7,4,To land,66
031_008_005.npy,31,8,5,Breakfast,99
057_007_004.npy,57,7,4,Dance,87
007_003_001.npy,7,3,1,Colors,80
054_006_004.npy,54,6,4,To land,80
053_002_003.npy,53,2,3,Appear,66
015_006_003.npy,15,6,3,Born,68
031_003_004.npy,31,3,4,Breakfast,103
009_001_005.npy,9,1,5,Women,53
049_002_003.npy,49,2,3,Yogurt,94
029_002_002.npy,29,2,2,Mock,122
005_002_003.npy,5,2,3,Bright,82
002_006_004.npy,2,6,4,Red,96
051_001_003.npy,51,1,3,Thanks,72
055_008_005.npy,55,8,5,Catch,77
036_006_004.npy,36,6,4,Music,106
040_002_002.npy,40,2,2,Patience,71
049_007_002.npy,49,7,2,Yogurt,100
040_004_002.npy,40,4,2,Patience,107
054_005_002.npy,54,5,2,To land,140
037_005_001.npy,37,5,1,Ship,65
048_008_005.npy,48,8,5,Spaghetti,87
024_007_001.npy,24,7,1,Argentina,57
024_007_002.npy,24,7,2,Argentina,64
002_002_003.npy,2,2,3,Red,71
053_010_005.npy,53,10,5,Appear,86
057_004_001.npy,57,4,1,Dance,81
048_006_004.npy,48,6,4,Spaghetti,115
056_006_005.npy,56,6,5,Help,103
017_006_003.npy,17,6,3,Call,34
040_007_003.npy,40,7,3,Patience,139
047_008_001.npy,47,8,1,Chewing-gum,84
005_004_001.npy,5,4,1,Bright,84
055_002_004.npy,55,2,4,Catch,82
025_009_001.npy,25,9,1,Uruguay,65
014_001_002.npy,14,1,2,Drawer,33
048_005_001.npy,48,5,1,Spaghetti,104
007_009_002.npy,7,9,2,Colors,38
045_002_005.npy,45,2,5,Barbecue,132
039_003_002.npy,39,3,2,Name,50
057_003_004.npy,57,3,4,Dance,141
057_005_001.npy,57,5,1,Dance,85
058_007_001.npy,58,7,1,Bathe,86
009_008_003.npy,9,8,3,Women,70
027_001_005.npy,27,1,5,Last name,74
037_006_003.npy,37,6,3,Ship,108
042_001_004.npy,42,1,4,Deaf,93
013_002_002.npy,13,2,2,Away,60
032_003_004.npy,32,3,4,Photo,105
031_009_002.npy,31,9,2,Breakfast,131
036_008_003.npy,36,8,3,Music,72
028_006_001.npy,28,6,1,Where,125
047_006_005.npy,47,6,5,Chewing-gum,90
031_006_003.npy,31,6,3,Breakfast,94
044_001_001.npy,44,1,1,Rice,99
033_001_001.npy,33,1,1,Hungry,75
016_010_003.npy,16,10,3,Learn,54
036_001_001.npy,36,1,1,Music,60
015_007_002.npy,15,7,2,Born,14
011_006_004.npy,11,6,4,Son,41
036_009_001.npy,36,9,1,Music,63
051_005_001.npy,51,5,1,Thanks,117
005_002_002.npy,5,2,2,Bright,67
012_007_005.npy,12,7,5,Man,67
039_006_004.npy,39,6,4,Name,79
010_007_005.npy,10,7,5,Enemy,40
031_006_004.npy,31,6,4,Breakfast,109
058_001_003.npy,58,1,3,Bathe,107
044_006_001.npy,44,6,1,Rice,122
025_005_004.npy,25,5,4,Uruguay,83
061_010_001.npy,61,10,1,Run,73
056_005_002.npy,56,5,2,Help,78
025_006_005.npy,25,6,5,Uruguay,143
023_008_002.npy,23,8,2,Food,87
016_002_001.npy,16,2,1,Learn,71
061_007_003.npy,61,7,3,Run,79
056_005_004.npy,56,5,4,Help,86
034_006_005.npy,34,6,5,Map,134
015_008_002.npy,15,8,2,Born,81
007_009_001.npy,7,9,1,Colors,36
009_005_005.npy,9,5,5,Women,92
033_009_005.npy,33,9,5,Hungry,69
035_005_002.npy,35,5,2,Coin,59
045_005_005.npy,45,5,5,Barbecue,157
005_003_001.npy,5,3,1,Bright,78
007_008_001.npy,7,8,1,Colors,66
035_004_004.npy,35,4,4,Coin,88
052_002_003.npy,52,2,3,Shut down,48
004_007_004.npy,4,7,4,Yellow,70
064_001_004.npy,64,1,4,Find,70
034_010_001.npy,34,10,1,Map,125
039_004_004.npy,39,4,4,Name,67
010_003_003.npy,10,3,3,Enemy,80
050_002_002.npy,50,2,2,Accept,76
049_005_004.npy,49,5,4,Yogurt,111
048_002_005.npy,48,2,5,Spaghetti,111
061_007_004.npy,61,7,4,Run,83
055_006_001.npy,55,6,1,Catch,50
019_004_001.npy,19,4,1,Bitter,47
037_004_004.npy,37,4,4,Ship,61
009_006_003.npy,9,6,3,Women,75
060_005_003.npy,60,5,3,Copy,67
031_005_001.npy,31,5,1,Breakfast,88
001_003_003.npy,1,3,3,Opaque,74
021_008_004.npy,21,8,4,Milk,109
008_004_002.npy,8,4,2,Pink,45
063_004_002.npy,63,4,2,Give,44
045_001_003.npy,45,1,3,Barbecue,109
009_009_005.npy,9,9,5,Women,42
009_005_004.npy,9,5,4,Women,97
035_006_002.npy,35,6,2,Coin,78
053_001_005.npy,53,1,5,Appear,62
059_007_004.npy,59,7,4,Buy,92
051_008_004.npy,51,8,4,Thanks,119
060_005_005.npy,60,5,5,Copy,75
005_002_001.npy,5,2,1,Bright,75
013_010_005.npy,13,10,5,Away,47
026_003_002.npy,26,3,2,Country,63
047_001_002.npy,47,1,2,Chewing-gum,75
059_003_002.npy,59,3,2,Buy,45
023_007_004.npy,23,7,4,Food,96
047_007_004.npy,47,7,4,Chewing-gum,81
005_009_001.npy,5,9,1,Bright,68
006_006_003.npy,6,6,3,Light-blue,105
035_008_001.npy,35,8,1,Coin,89
045_007_003.npy,45,7,3,Barbecue,104
056_001_004.npy,56,1,4,Help,100
056_009_001.npy,56,9,1,Help,68
024_007_005.npy,24,7,5,Argentina,92
030_007_005.npy,30,7,5,Birthday,114
012_004_002.npy,12,4,2,Man,140
016_007_002.npy,16,7,2,Learn,90
044_005_004.npy,44,5,4,Rice,70
056_002_002.npy,56,2,2,Help,77
050_010_003.npy,50,10,3,Accept,41
057_003_002.npy,57,3,2,Dance,129
031_008_003.npy,31,8,3,Breakfast,97
052_004_004.npy,52,4,4,Shut down,44
058_006_005.npy,58,6,5,Bathe,107
064_006_003.npy,64,6,3,Find,82
002_008_005.npy,2,8,5,Red,76
023_007_005.npy,23,7,5,Food,88
018_004_001.npy,18,4,1,Skimmer,77
046_008_005.npy,46,8,5,Candy,66
020_002_003.npy,20,2,3,Sweet milk,50
059_002_001.npy,59,2,1,Buy,115
051_009_002.npy,51,9,2,Thanks,89
041_009_001.npy,41,9,1,Perfume,89
050_010_002.npy,50,10,2,Accept,64
050_001_004.npy,50,1,4,Accept,88
025_006_003.npy,25,6,3,Uruguay,140
029_010_002.npy,29,10,2,Mock,90
045_004_005.npy,45,4,5,Barbecue,87
038_006_003.npy,38,6,3,None,77
036_008_004.npy,36,8,4,Music,74
022_009_004.npy,22,9,4,Water,73
008_005_004.npy,8,5,4,Pink,57
038_004_002.npy,38,4,2,None,49
018_003_004.npy,18,3,4,Skimmer,103
044_003_002.npy,44,3,2,Rice,73
043_001_002.npy,43,1,2,Trap,71
016_001_001.npy,16,1,1,Learn,55
063_007_003.npy,63,7,3,Give,65
011_004_002.npy,11,4,2,Son,63
011_003_005.npy,11,3,5,Son,76
035_003_004.npy,35,3,4,Coin,50
063_002_003.npy,63,2,3,Give,97
035_008_003.npy,35,8,3,Coin,93
052_003_001.npy,52,3,1,Shut down,71
046_010_001.npy,46,10,1,Candy,67
021_009_001.npy,21,9,1,Milk,79
003_007_004.npy,3,7,4,Green,55
055_005_003.npy,55,5,3,Catch,57
048_008_004.npy,48,8,4,Spaghetti,78
008_006_004.npy,8,6,4,Pink,38
054_010_002.npy,54,10,2,To land,77
027_003_002.npy,27,3,2,Last name,54
008_010_003.npy,8,10,3,Pink,76
015_001_005.npy,15,1,5,Born,53
044_003_005.npy,44,3,5,Rice,76
012_010_003.npy,12,10,3,Man,84
045_008_004.npy,45,8,4,Barbecue,105
056_010_003.npy,56,10,3,Help,71
011_002_001.npy,11,2,1,Son,69
011_005_003.npy,11,5,3,Son,62
033_008_004.npy,33,8,4,Hungry,92
009_001_004.npy,9,1,4,Women,73
002_010_002.npy,2,10,2,Red,115
063_010_005.npy,63,10,5,Give,107
061_004_003.npy,61,4,3,Run,64
051_007_004.npy,51,7,4,Thanks,141
010_010_002.npy,10,10,2,Enemy,51
039_010_003.npy,39,10,3,Name,111
052_008_003.npy,52,8,3,Shut down,47
056_004_002.npy,56,4,2,Help,72
024_003_001.npy,24,3,1,Argentina,55
026_005_002.npy,26,5,2,Country,87
041_004_002.npy,41,4,2,Perfume,87
012_004_004.npy,12,4,4,Man,131
031_002_001.npy,31,2,1,Breakfast,103
010_010_001.npy,10,10,1,Enemy,55
033_001_004.npy,33,1,4,Hungry,73
035_002_002.npy,35,2,2,Coin,114
033_003_001.npy,33,3,1,Hungry,59
043_007_004.npy,43,7,4,Trap,82
038_002_002.npy,38,2,2,None,82
030_006_001.npy,30,6,1,Birthday,116
002_001_003.npy,2,1,3,Red,61
020_004_005.npy,20,4,5,Sweet milk,94
047_002_002.npy,47,2,2,Chewing-gum,78
015_009_002.npy,15,9,2,Born,64
035_007_001.npy,35,7,1,Coin,79
021_005_004.npy,21,5,4,Milk,117
061_001_004.npy,61,1,4,Run,144
045_009_003.npy,45,9,3,Barbecue,120
020_001_002.npy,20,1,2,Sweet milk,62
009_002_002.npy,9,2,2,Women,68
062_004_004.npy,62,4,4,Realize,51
032_004_001.npy,32,4,1,Photo,86
007_001_005.npy,7,1,5,Colors,53
033_002_002.npy,33,2,2,Hungry,93
052_006_002.npy,52,6,2,Shut down,79
042_002_002.npy,42,2,2,Deaf,114
039_008_004.npy,39,8,4,Name,112
011_002_004.npy,11,2,4,Son,63
061_008_003.npy,61,8,3,Run,58
045_010_004.npy,45,10,4,Barbecue,134
047_001_005.npy,47,1,5,Chewing-gum,97
013_006_003.npy,13,6,3,Away,66
005_008_005.npy,5,8,5,Bright,110
016_010_002.npy,16,10,2,Learn,49
002_005_001.npy,2,5,1,Red,82
049_006_005.npy,49,6,5,Yogurt,140
036_007_004.npy,36,7,4,Music,90
012_002_003.npy,12,2,3,Man,78
050_002_001.npy,50,2,1,Accept,66
061_007_005.npy,61,7,5,Run,84
052_002_001.npy,52,2,1,Shut down,61
016_005_003.npy,16,5,3,Learn,56
049_001_002.npy,49,1,2,Yogurt,141
049_009_004.npy,49,9,4,Yogurt,69
055_003_001.npy,55,3,1,Catch,62
012_006_004.npy,12,6,4,Man,140
053_010_003.npy,53,10,3,Appear,111
029_009_002.npy,29,9,2,Mock,68
040_009_003.npy,40,9,3,Patience,95
035_004_003.npy,35,4,3,Coin,144
006_001_003.npy,6,1,3,Light-blue,103
016_003_002.npy,16,3,2,Learn,70
046_006_005.npy,46,6,5,Candy,103
025_007_003.npy,25,7,3,Uruguay,126
015_005_004.npy,15,5,4,Born,43
027_007_005.npy,27,7,5,Last name,89
020_002_005.npy,20,2,5,Sweet milk,51
006_008_005.npy,6,8,5,Light-blue,134
062_007_005.npy,62,7,5,Realize,65
014_005_002.npy,14,5,2,Drawer,71
033_006_004.npy,33,6,4,Hungry,109
042_002_003.npy,42,2,3,Deaf,110
049_004_004.npy,49,4,4,Yogurt,81
013_009_004.npy,13,9,4,Away,46
026_010_003.npy,26,10,3,Country,79
045_008_001.npy,45,8,1,Barbecue,102
023_007_001.npy,23,7,1,Food,82
049_004_001.npy,49,4,1,Yogurt,105
037_007_002.npy,37,7,2,Ship,85
016_006_005.npy,16,6,5,Learn,75
004_002_001.npy,4,2,1,Yellow,101
010_008_004.npy,10,8,4,Enemy,79
059_007_001.npy,59,7,1,Buy,58
011_003_002.npy,11,3,2,Son,65
054_004_002.npy,54,4,2,To land,60
013_003_001.npy,13,3,1,Away,68
055_008_001.npy,55,8,1,Catch,50
033_002_004.npy,33,2,4,Hungry,94
030_002_002.npy,30,2,2,Birthday,143
041_006_003.npy,41,6,3,Perfume,184
004_006_004.npy,4,6,4,Yellow,70
031_004_001.npy,31,4,1,Breakfast,86
004_001_005.npy,4,1,5,Yellow,56
004_006_001.npy,4,6,1,Yellow,66
022_006_001.npy,22,6,1,Water,83
037_007_003.npy,37,7,3,Ship,85
063_005_002.npy,63,5,2,Give,44
057_001_002.npy,57,1,2,Dance,71
004_005_004.npy,4,5,4,Yellow,58
002_004_005.npy,2,4,5,Red,89
061_002_003.npy,61,2,3,Run,57
061_008_001.npy,61,8,1,Run,69
003_002_001.npy,3,2,1,Green,70
047_002_001.npy,47,2,1,Chewing-gum,75
014_003_002.npy,14,3,2,Drawer,88
007_005_003.npy,7,5,3,Colors,58
024_005_004.npy,24,5,4,Argentina,42
018_006_002.npy,18,6,2,Skimmer,85
001_005_004.npy,1,5,4,Opaque,129
057_004_003.npy,57,4,3,Dance,104
063_009_001.npy,63,9,1,Give,78
033_002_003.npy,33,2,3,Hungry,94
049_005_005.npy,49,5,5,Yogurt,112
042_004_003.npy,42,4,3,Deaf,93
056_007_004.npy,56,7,4,Help,59
008_003_001.npy,8,3,1,Pink,43
021_010_001.npy,21,10,1,Milk,65
048_003_002.npy,48,3,2,Spaghetti,111
051_003_005.npy,51,3,5,Thanks,101
018_010_005.npy,18,10,5,Skimmer,53
059_005_002.npy,59,5,2,Buy,111
030_005_001.npy,30,5,1,Birthday,143
060_004_005.npy,60,4,5,Copy,92
013_008_003.npy,13,8,3,Away,80
062_004_003.npy,62,4,3,Realize,90
014_010_001.npy,14,10,1,Drawer,28
059_004_005.npy,59,4,5,Buy,76
064_005_004.npy,64,5,4,Find,36
039_002_001.npy,39,2,1,Name,111
022_002_004.npy,22,2,4,Water,65
012_004_005.npy,12,4,5,Man,140
043_001_001.npy,43,1,1,Trap,61
052_009_001.npy,52,9,1,Shut down,64
021_001_005.npy,21,1,5,Milk,74
049_007_003.npy,49,7,3,Yogurt,113
004_001_004.npy,4,1,4,Yellow,41
038_010_005.npy,38,10,5,None,70
028_008_005.npy,28,8,5,Where,80
046_007_003.npy,46,7,3,Candy,82
013_006_001.npy,13,6,1,Away,74
019_010_003.npy,19,10,3,Bitter,49
047_009_001.npy,47,9,1,Chewing-gum,100
040_003_003.npy,40,3,3,Patience,95
009_004_001.npy,9,4,1,Women,77
033_008_003.npy,33,8,3,Hungry,93
060_010_003.npy,60,10,3,Copy,114
034_007_001.npy,34,7,1,Map,142
019_003_004.npy,19,3,4,Bitter,73
034_007_002.npy,34,7,2,Map,133
007_001_004.npy,7,1,4,Colors,58
035_001_001.npy,35,1,1,Coin,85
053_007_002.npy,53,7,2,Appear,82
056_009_004.npy,56,9,4,Help,66
049_002_005.npy,49,2,5,Yogurt,120
006_001_004.npy,6,1,4,Light-blue,92
046_008_003.npy,46,8,3,Candy,77
032_005_005.npy,32,5,5,Photo,88
063_007_005.npy,63,7,5,Give,82
017_010_001.npy,17,10,1,Call,50
014_001_001.npy,14,1,1,Drawer,66
062_003_002.npy,62,3,2,Realize,47
023_007_003.npy,23,7,3,Food,116
026_009_001.npy,26,9,1,Country,84
064_006_005.npy,64,6,5,Find,70
004_002_002.npy,4,2,2,Yellow,93
008_001_005.npy,8,1,5,Pink,67
046_005_005.npy,46,5,5,Candy,104
052_008_005.npy,52,8,5,Shut down,51
054_008_001.npy,54,8,1,To land,114
025_009_005.npy,25,9,5,Uruguay,89
040_002_003.npy,40,2,3,Patience,140
021_010_005.npy,21,10,5,Milk,99
013_005_002.npy,13,5,2,Away,104
004_003_004.npy,4,3,4,Yellow,45
016_005_005.npy,16,5,5,Learn,68
030_004_003.npy,30,4,3,Birthday,86
022_002_003.npy,22,2,3,Water,57
010_007_001.npy,10,7,1,Enemy,42
024_009_002.npy,24,9,2,Argentina,41
039_004_005.npy,39,4,5,Name,37
036_003_004.npy,36,3,4,Music,92
062_010_002.npy,62,10,2,Realize,65
048_007_002.npy,48,7,2,Spaghetti,106
001_007_001.npy,1,7,1,Opaque,47
015_004_002.npy,15,4,2,Born,82
012_010_001.npy,12,10,1,Man,75
049_009_001.npy,49,9,1,Yogurt,68
011_007_001.npy,11,7,1,Son,71
045_001_005.npy,45,1,5,Barbecue,85
015_005_001.npy,15,5,1,Born,74
034_002_002.npy,34,2,2,Map,178
042_009_005.npy,42,9,5,Deaf,83
010_004_002.npy,10,4,2,Enemy,70
054_005_005.npy,54,5,5,To land,136
005_010_005.npy,5,10,5,Bright,94
027_001_003.npy,27,1,3,Last name,56
048_004_005.npy,48,4,5,Spaghetti,118
037_009_002.npy,37,9,2,Ship,81
023_004_003.npy,23,4,3,Food,109
008_003_003.npy,8,3,3,Pink,50
030_001_002.npy,30,1,2,Birthday,83
063_008_005.npy,63,8,5,Give,98
063_005_001.npy,63,5,1,Give,57
039_009_003.npy,39,9,3,Name,74
064_003_003.npy,64,3,3,Find,64
023_010_005.npy,23,10,5,Food,83
041_004_005.npy,41,4,5,Perfume,68
028_005_003.npy,28,5,3,Where,75
045_003_005.npy,45,3,5,Barbecue,122
005_001_005.npy,5,1,5,Bright,75
012_006_002.npy,12,6,2,Man,140
050_009_004.npy,50,9,4,Accept,56
042_007_003.npy,42,7,3,Deaf,112
057_004_005.npy,57,4,5,Dance,82
038_006_004.npy,38,6,4,None,71
046_006_001.npy,46,6,1,Candy,145
045_006_005.npy,45,6,5,Barbecue,143
038_003_004.npy,38,3,4,None,49
059_003_001.npy,59,3,1,Buy,41
033_009_003.npy,33,9,3,Hungry,79
009_002_001.npy,9,2,1,Women,92
041_009_002.npy,41,9,2,Perfume,116
029_001_001.npy,29,1,1,Mock,53
030_010_005.npy,30,10,5,Birthday,144
035_001_003.npy,35,1,3,Coin,81
034_006_004.npy,34,6,4,Map,134
051_002_002.npy,51,2,2,Thanks,99
021_009_002.npy,21,9,2,Milk,71
059_005_003.npy,59,5,3,Buy,51
043_003_004.npy,43,3,4,Trap,58
010_001_004.npy,10,1,4,Enemy,52
013_006_004.npy,13,6,4,Away,85
057_009_002.npy,57,9,2,Dance,54
024_003_002.npy,24,3,2,Argentina,63
056_001_005.npy,56,1,5,Help,69
040_004_004.npy,40,4,4,Patience,71
024_010_002.npy,24,10,2,Argentina,60
039_009_002.npy,39,9,2,Name,88
051_006_003.npy,51,6,3,Thanks,137
006_004_001.npy,6,4,1,Light-blue,129
046_007_001.npy,46,7,1,Candy,89
022_010_002.npy,22,10,2,Water,71
021_006_004.npy,21,6,4,Milk,112
010_009_001.npy,10,9,1,Enemy,64
011_009_002.npy,11,9,2,Son,34
012_003_005.npy,12,3,5,Man,108
060_005_004.npy,60,5,4,Copy,69
061_006_001.npy,61,6,1,Run,61
058_003_004.npy,58,3,4,Bathe,86
042_003_004.npy,42,3,4,Deaf,80
030_009_005.npy,30,9,5,Birthday,92
002_006_001.npy,2,6,1,Red,91
054_004_005.npy,54,4,5,To land,89
017_003_004.npy,17,3,4,Call,53
010_004_004.npy,10,4,4,Enemy,57
034_005_001.npy,34,5,1,Map,123
026_002_002.npy,26,2,2,Country,111
062_001_004.npy,62,1,4,Realize,82
017_002_001.npy,17,2,1,Call,68
025_004_003.npy,25,4,3,Uruguay,81
009_004_004.npy,9,4,4,Women,72
048_001_003.npy,48,1,3,Spaghetti,149
008_001_004.npy,8,1,4,Pink,50
047_010_001.npy,47,10,1,Chewing-gum,82
060_001_004.npy,60,1,4,Copy,89
044_008_004.npy,44,8,4,Rice,74
008_010_002.npy,8,10,2,Pink,65
057_001_005.npy,57,1,5,Dance,65
060_008_001.npy,60,8,1,Copy,78
015_002_004.npy,15,2,4,Born,68
030_008_003.npy,30,8,3,Birthday,114
005_008_001.npy,5,8,1,Bright,128
064_005_003.npy,64,5,3,Find,98
037_009_005.npy,37,9,5,Ship,77
024_001_005.npy,24,1,5,Argentina,67
020_001_003.npy,20,1,3,Sweet milk,37
044_006_003.npy,44,6,3,Rice,116
005_007_004.npy,5,7,4,Bright,49
046_008_001.npy,46,8,1,Candy,64
019_002_004.npy,19,2,4,Bitter,46
008_002_001.npy,8,2,1,Pink,85
008_003_004.npy,8,3,4,Pink,72
034_002_003.npy,34,2,3,Map,146
044_006_004.npy,44,6,4,Rice,120
050_006_001.npy,50,6,1,Accept,72
036_010_004.npy,36,10,4,Music,87
054_002_001.npy,54,2,1,To land,112
063_008_002.npy,63,8,2,Give,52
017_005_001.npy,17,5,1,Call,47
051_006_002.npy,51,6,2,Thanks,105
016_009_001.npy,16,9,1,Learn,74
019_009_004.npy,19,9,4,Bitter,49
061_006_002.npy,61,6,2,Run,79
037_008_003.npy,37,8,3,Ship,50
057_007_001.npy,57,7,1,Dance,95
018_002_001.npy,18,2,1,Skimmer,105
064_010_004.npy,64,10,4,Find,82
055_007_003.npy,55,7,3,Catch,55
012_005_002.npy,12,5,2,Man,102
046_003_003.npy,46,3,3,Candy,65
049_001_001.npy,49,1,1,Yogurt,139
057_010_005.npy,57,10,5,Dance,82
001_002_004.npy,1,2,4,Opaque,64
031_007_005.npy,31,7,5,Breakfast,105
018_003_002.npy,18,3,2,Skimmer,106
043_008_003.npy,43,8,3,Trap,76
042_007_005.npy,42,7,5,Deaf,110
044_001_004.npy,44,1,4,Rice,103
019_009_001.npy,19,9,1,Bitter,43
055_008_002.npy,55,8,2,Catch,44
045_003_003.npy,45,3,3,Barbecue,110
049_003_005.npy,49,3,5,Yogurt,105
038_007_001.npy,38,7,1,None,75
034_005_003.npy,34,5,3,Map,137
054_002_002.npy,54,2,2,To land,125
030_001_001.npy,30,1,1,Birthday,91
004_001_001.npy,4,1,1,Yellow,53
027_005_003.npy,27,5,3,Last name,73
022_005_005.npy,22,5,5,Water,80
020_005_004.npy,20,5,4,Sweet milk,70
035_007_003.npy,35,7,3,Coin,107
014_006_003.npy,14,6,3,Drawer,53
043_007_005.npy,43,7,5,Trap,78
004_001_002.npy,4,1,2,Yellow,39
038_003_002.npy,38,3,2,None,84
055_007_005.npy,55,7,5,Catch,50
030_009_002.npy,30,9,2,Birthday,86
061_001_003.npy,61,1,3,Run,140
019_005_005.npy,19,5,5,Bitter,68
042_008_002.npy,42,8,2,Deaf,113
053_001_001.npy,53,1,1,Appear,67
034_003_004.npy,34,3,4,Map,167
011_007_003.npy,11,7,3,Son,66
048_002_003.npy,48,2,3,Spaghetti,113
064_005_002.npy,64,5,2,Find,63
059_004_002.npy,59,4,2,Buy,79
026_006_005.npy,26,6,5,Country,145
024_003_003.npy,24,3,3,Argentina,65
016_009_002.npy,16,9,2,Learn,79
028_003_003.npy,28,3,3,Where,96
005_007_003.npy,5,7,3,Bright,50
007_003_005.npy,7,3,5,Colors,70
038_001_003.npy,38,1,3,None,75
036_005_002.npy,36,5,2,Music,58
034_009_004.npy,34,9,4,Map,146
029_007_003.npy,29,7,3,Mock,112
017_005_005.npy,17,5,5,Call,46
051_001_002.npy,51,1,2,Thanks,66
026_009_005.npy,26,9,5,Country,58
014_003_004.npy,14,3,4,Drawer,66
014_001_005.npy,14,1,5,Drawer,68
002_005_003.npy,2,5,3,Red,73
017_004_001.npy,17,4,1,Call,70
023_008_005.npy,23,8,5,Food,83
016_005_004.npy,16,5,4,Learn,103
009_002_005.npy,9,2,5,Women,88
025_007_004.npy,25,7,4,Uruguay,77
003_004_003.npy,3,4,3,Green,81
056_010_001.npy,56,10,1,Help,67
043_004_005.npy,43,4,5,Trap,69
056_007_003.npy,56,7,3,Help,81
024_008_005.npy,24,8,5,Argentina,58
009_008_004.npy,9,8,4,Women,80
034_001_001.npy,34,1,1,Map,160
059_003_004.npy,59,3,4,Buy,92
060_001_005.npy,60,1,5,Copy,107
045_007_005.npy,45,7,5,Barbecue,113
021_006_005.npy,21,6,5,Milk,82
063_006_004.npy,63,6,4,Give,75
050_005_003.npy,50,5,3,Accept,74
021_007_005.npy,21,7,5,Milk,106
022_003_003.npy,22,3,3,Water,76
028_005_004.npy,28,5,4,Where,71
033_010_002.npy,33,10,2,Hungry,114
012_003_002.npy,12,3,2,Man,80
046_004_004.npy,46,4,4,Candy,61
020_004_004.npy,20,4,4,Sweet milk,56
002_002_002.npy,2,2,2,Red,75
032_010_002.npy,32,10,2,Photo,102
060_004_001.npy,60,4,1,Copy,73
009_009_002.npy,9,9,2,Women,66
004_008_003.npy,4,8,3,Yellow,44
047_003_004.npy,47,3,4,Chewing-gum,77
060_004_004.npy,60,4,4,Copy,106
018_005_003.npy,18,5,3,Skimmer,73
023_008_004.npy,23,8,4,Food,86
016_005_001.npy,16,5,1,Learn,91
030_005_002.npy,30,5,2,Birthday,89
024_004_004.npy,24,4,4,Argentina,72
003_009_002.npy,3,9,2,Green,70
030_007_003.npy,30,7,3,Birthday,111
011_009_004.npy,11,9,4,Son,47
036_007_005.npy,36,7,5,Music,88
034_003_003.npy,34,3,3,Map,175
041_006_002.npy,41,6,2,Perfume,128
004_008_002.npy,4,8,2,Yellow,42
011_006_001.npy,11,6,1,Son,73
014_001_004.npy,14,1,4,Drawer,67
029_001_005.npy,29,1,5,Mock,54
042_007_004.npy,42,7,4,Deaf,109
050_003_003.npy,50,3,3,Accept,55
040_007_005.npy,40,7,5,Patience,125
012_005_003.npy,12,5,3,Man,138
038_008_005.npy,38,8,5,None,48
051_007_003.npy,51,7,3,Thanks,112
064_008_004.npy,64,8,4,Find,77
048_004_002.npy,48,4,2,Spaghetti,101
030_006_003.npy,30,6,3,Birthday,159
058_008_003.npy,58,8,3,Bathe,75
017_004_002.npy,17,4,2,Call,67
054_003_001.npy,54,3,1,To land,97
020_008_004.npy,20,8,4,Sweet milk,51
033_005_005.npy,33,5,5,Hungry,82
063_003_005.npy,63,3,5,Give,62
064_010_001.npy,64,10,1,Find,112
062_006_001.npy,62,6,1,Realize,75
018_005_005.npy,18,5,5,Skimmer,76
035_006_001.npy,35,6,1,Coin,77
048_005_005.npy,48,5,5,Spaghetti,172
030_007_002.npy,30,7,2,Birthday,114
013_009_005.npy,13,9,5,Away,75
042_002_005.npy,42,2,5,Deaf,140
027_004_003.npy,27,4,3,Last name,76
022_009_002.npy,22,9,2,Water,80
044_008_005.npy,44,8,5,Rice,77
064_009_002.npy,64,9,2,Find,67
032_009_004.npy,32,9,4,Photo,78
034_003_002.npy,34,3,2,Map,178
049_002_002.npy,49,2,2,Yogurt,113
015_002_005.npy,15,2,5,Born,42
053_007_003.npy,53,7,3,Appear,48
015_006_001.npy,15,6,1,Born,37
029_001_002.npy,29,1,2,Mock,60
023_005_005.npy,23,5,5,Food,66
003_010_001.npy,3,10,1,Green,75
053_002_005.npy,53,2,5,Appear,78
004_009_004.npy,4,9,4,Yellow,45
015_002_002.npy,15,2,2,Born,106
058_003_001.npy,58,3,1,Bathe,91
009_006_002.npy,9,6,2,Women,80
045_005_004.npy,45,5,4,Barbecue,94
024_008_004.npy,24,8,4,Argentina,40
014_007_002.npy,14,7,2,Drawer,51
006_004_005.npy,6,4,5,Light-blue,124
064_001_005.npy,64,1,5,Find,73
027_003_005.npy,27,3,5,Last name,79
042_009_004.npy,42,9,4,Deaf,94
030_004_004.npy,30,4,4,Birthday,96
018_007_003.npy,18,7,3,Skimmer,110
035_002_001.npy,35,2,1,Coin,113
036_003_001.npy,36,3,1,Music,83
063_005_005.npy,63,5,5,Give,47
064_003_004.npy,64,3,4,Find,54
017_002_002.npy,17,2,2,Call,54
058_007_003.npy,58,7,3,Bathe,107
003_001_002.npy,3,1,2,Green,62
032_004_005.npy,32,4,5,Photo,89
023_006_003.npy,23,6,3,Food,80
057_006_004.npy,57,6,4,Dance,73
043_007_002.npy,43,7,2,Trap,68
023_006_001.npy,23,6,1,Food,78
004_001_003.npy,4,1,3,Yellow,46
014_009_001.npy,14,9,1,Drawer,77
039_007_001.npy,39,7,1,Name,81
040_002_005.npy,40,2,5,Patience,103
031_009_003.npy,31,9,3,Breakfast,98
028_004_001.npy,28,4,1,Where,79
009_001_003.npy,9,1,3,Women,72
043_006_001.npy,43,6,1,Trap,73
043_002_003.npy,43,2,3,Trap,62
055_003_004.npy,55,3,4,Catch,44
010_010_003.npy,10,10,3,Enemy,58
056_001_003.npy,56,1,3,Help,57
042_010_005.npy,42,10,5,Deaf,115
055_003_002.npy,55,3,2,Catch,78
055_010_005.npy,55,10,5,Catch,59
038_008_004.npy,38,8,4,None,64
064_006_002.npy,64,6,2,Find,86
016_009_004.npy,16,9,4,Learn,78
037_001_002.npy,37,1,2,Ship,142
013_005_003.npy,13,5,3,Away,140
044_008_001.npy,44,8,1,Rice,69
010_008_003.npy,10,8,3,Enemy,54
032_010_004.npy,32,10,4,Photo,111
022_004_003.npy,22,4,3,Water,81
001_008_005.npy,1,8,5,Opaque,76
026_008_005.npy,26,8,5,Country,74
019_009_005.npy,19,9,5,Bitter,44
021_006_001.npy,21,6,1,Milk,75
008_009_002.npy,8,9,2,Pink,32
016_001_004.npy,16,1,4,Learn,71
040_009_002.npy,40,9,2,Patience,82
012_006_005.npy,12,6,5,Man,141
029_008_005.npy,29,8,5,Mock,73
055_009_001.npy,55,9,1,Catch,51
047_004_005.npy,47,4,5,Chewing-gum,82
064_001_001.npy,64,1,1,Find,64
047_008_003.npy,47,8,3,Chewing-gum,78
009_007_004.npy,9,7,4,Women,69
006_008_002.npy,6,8,2,Light-blue,135
016_006_003.npy,16,6,3,Learn,88
045_004_002.npy,45,4,2,Barbecue,105
055_010_003.npy,55,10,3,Catch,32
038_001_004.npy,38,1,4,None,70
039_004_001.npy,39,4,1,Name,70
013_007_003.npy,13,7,3,Away,54
056_009_003.npy,56,9,3,Help,64
056_003_001.npy,56,3,1,Help,78
046_008_002.npy,46,8,2,Candy,76
003_010_004.npy,3,10,4,Green,77
001_005_005.npy,1,5,5,Opaque,48
026_004_001.npy,26,4,1,Country,66
054_006_003.npy,54,6,3,To land,135
022_008_002.npy,22,8,2,Water,77
010_005_005.npy,10,5,5,Enemy,86
049_004_002.npy,49,4,2,Yogurt,122
060_003_005.npy,60,3,5,Copy,98
005_007_002.npy,5,7,2,Bright,46
017_002_005.npy,17,2,5,Call,54
058_010_005.npy,58,10,5,Bathe,101
053_003_004.npy,53,3,4,Appear,85
037_001_005.npy,37,1,5,Ship,144
051_008_002.npy,51,8,2,Thanks,82
035_005_003.npy,35,5,3,Coin,91
054_003_002.npy,54,3,2,To land,125
022_004_002.npy,22,4,2,Water,74
043_007_003.npy,43,7,3,Trap,52
058_004_003.npy,58,4,3,Bathe,104
052_009_002.npy,52,9,2,Shut down,64
053_007_004.npy,53,7,4,Appear,83
004_004_001.npy,4,4,1,Yellow,50
016_002_003.npy,16,2,3,Learn,72
003_005_001.npy,3,5,1,Green,71
017_008_004.npy,17,8,4,Call,62
024_001_003.npy,24,1,3,Argentina,64
007_002_001.npy,7,2,1,Colors,61
047_003_005.npy,47,3,5,Chewing-gum,103
021_007_002.npy,21,7,2,Milk,81
035_004_005.npy,35,4,5,Coin,100
047_005_003.npy,47,5,3,Chewing-gum,93
021_001_001.npy,21,1,1,Milk,96
049_006_004.npy,49,6,4,Yogurt,123
005_010_001.npy,5,10,1,Bright,107
011_002_002.npy,11,2,2,Son,72
050_006_003.npy,50,6,3,Accept,99
033_003_004.npy,33,3,4,Hungry,89
002_008_004.npy,2,8,4,Red,114
014_003_005.npy,14,3,5,Drawer,73
009_008_001.npy,9,8,1,Women,77
046_004_005.npy,46,4,5,Candy,55
011_004_004.npy,11,4,4,Son,80
045_005_003.npy,45,5,3,Barbecue,129
054_007_003.npy,54,7,3,To land,86
017_001_003.npy,17,1,3,Call,69
020_003_001.npy,20,3,1,Sweet milk,66
060_003_001.npy,60,3,1,Copy,102
036_005_004.npy,36,5,4,Music,81
010_009_005.npy,10,9,5,Enemy,38
061_005_001.npy,61,5,1,Run,104
017_008_001.npy,17,8,1,Call,69
049_006_001.npy,49,6,1,Yogurt,141
044_002_001.npy,44,2,1,Rice,88
023_006_004.npy,23,6,4,Food,55
047_010_003.npy,47,10,3,Chewing-gum,96
060_008_004.npy,60,8,4,Copy,53
018_006_004.npy,18,6,4,Skimmer,80
015_004_004.npy,15,4,4,Born,59
053_008_005.npy,53,8,5,Appear,80
060_002_005.npy,60,2,5,Copy,113
008_009_001.npy,8,9,1,Pink,32
044_005_001.npy,44,5,1,Rice,60
003_005_004.npy,3,5,4,Green,77
049_008_003.npy,49,8,3,Yogurt,113
046_009_003.npy,46,9,3,Candy,105
037_001_003.npy,37,1,3,Ship,142
037_007_005.npy,37,7,5,Ship,100
054_003_003.npy,54,3,3,To land,103
009_007_003.npy,9,7,3,Women,73
053_009_003.npy,53,9,3,Appear,67
057_010_003.npy,57,10,3,Dance,57
004_009_003.npy,4,9,3,Yellow,41
019_010_002.npy,19,10,2,Bitter,37
003_010_005.npy,3,10,5,Green,88
060_001_003.npy,60,1,3,Copy,112
048_009_005.npy,48,9,5,Spaghetti,94
048_006_002.npy,48,6,2,Spaghetti,105
012_009_003.npy,12,9,3,Man,99
060_004_002.npy,60,4,2,Copy,72
053_001_003.npy,53,1,3,Appear,72
059_008_003.npy,59,8,3,Buy,83
061_005_002.npy,61,5,2,Run,91
034_002_005.npy,34,2,5,Map,157
049_005_002.npy,49,5,2,Yogurt,93
011_010_001.npy,11,10,1,Son,71
051_007_002.npy,51,7,2,Thanks,89
045_003_001.npy,45,3,1,Barbecue,123
052_001_003.npy,52,1,3,Shut down,72
014_010_002.npy,14,10,2,Drawer,16
003_008_004.npy,3,8,4,Green,61
062_010_005.npy,62,10,5,Realize,53
041_009_003.npy,41,9,3,Perfume,130
047_005_002.npy,47,5,2,Chewing-gum,62
064_010_003.npy,64,10,3,Find,113
054_001_005.npy,54,1,5,To land,99
051_005_005.npy,51,5,5,Thanks,87
039_006_001.npy,39,6,1,Name,99
007_005_001.npy,7,5,1,Colors,73
042_006_005.npy,42,6,5,Deaf,142
044_005_005.npy,44,5,5,Rice,75
025_003_004.npy,25,3,4,Uruguay,82
008_006_005.npy,8,6,5,Pink,71
023_001_003.npy,23,1,3,Food,91
051_008_003.npy,51,8,3,Thanks,76
009_001_001.npy,9,1,1,Women,67
049_004_005.npy,49,4,5,Yogurt,102
051_008_001.npy,51,8,1,Thanks,76
016_009_005.npy,16,9,5,Learn,69
060_008_003.npy,60,8,3,Copy,60
037_010_004.npy,37,10,4,Ship,110
028_004_004.npy,28,4,4,Where,71
047_006_001.npy,47,6,1,Chewing-gum,104
035_010_004.npy,35,10,4,Coin,113
046_004_002.npy,46,4,2,Candy,76
037_005_002.npy,37,5,2,Ship,47
040_008_003.npy,40,8,3,Patience,104
009_009_003.npy,9,9,3,Women,64
044_002_005.npy,44,2,5,Rice,70
035_006_003.npy,35,6,3,Coin,115
012_007_002.npy,12,7,2,Man,50
056_007_005.npy,56,7,5,Help,83
012_010_005.npy,12,10,5,Man,107
026_008_002.npy,26,8,2,Country,44
060_002_002.npy,60,2,2,Copy,74
038_004_001.npy,38,4,1,None,59
045_010_005.npy,45,10,5,Barbecue,137
007_010_001.npy,7,10,1,Colors,54
048_001_002.npy,48,1,2,Spaghetti,130
012_001_004.npy,12,1,4,Man,73
058_001_004.npy,58,1,4,Bathe,105
003_006_002.npy,3,6,2,Green,101
053_006_004.npy,53,6,4,Appear,77
023_006_005.npy,23,6,5,Food,54
053_010_001.npy,53,10,1,Appear,68
024_008_002.npy,24,8,2,Argentina,39
031_007_004.npy,31,7,4,Breakfast,119
051_010_002.npy,51,10,2,Thanks,51
028_007_005.npy,28,7,5,Where,134
055_004_005.npy,55,4,5,Catch,78
049_006_002.npy,49,6,2,Yogurt,140
024_002_001.npy,24,2,1,Argentina,105
052_002_005.npy,52,2,5,Shut down,45
046_009_001.npy,46,9,1,Candy,95
018_008_004.npy,18,8,4,Skimmer,84
034_007_004.npy,34,7,4,Map,135
056_006_004.npy,56,6,4,Help,105
054_007_002.npy,54,7,2,To land,82
056_008_001.npy,56,8,1,Help,51
008_002_005.npy,8,2,5,Pink,47
059_009_002.npy,59,9,2,Buy,77
034_004_001.npy,34,4,1,Map,116
004_004_003.npy,4,4,3,Yellow,66
009_003_004.npy,9,3,4,Women,83
001_007_003.npy,1,7,3,Opaque,86
045_002_002.npy,45,2,2,Barbecue,149
032_001_004.npy,32,1,4,Photo,74
062_008_004.npy,62,8,4,Realize,143
041_005_005.npy,41,5,5,Perfume,108
062_005_004.npy,62,5,4,Realize,142
063_010_003.npy,63,10,3,Give,107
014_007_005.npy,14,7,5,Drawer,23
062_001_002.npy,62,1,2,Realize,74
031_010_004.npy,31,10,4,Breakfast,116
026_003_004.npy,26,3,4,Country,95
040_004_001.npy,40,4,1,Patience,68
003_009_001.npy,3,9,1,Green,73
060_008_002.npy,60,8,2,Copy,113
006_005_005.npy,6,5,5,Light-blue,110
048_002_001.npy,48,2,1,Spaghetti,115
006_006_001.npy,6,6,1,Light-blue,105
060_006_005.npy,60,6,5,Copy,111
035_009_003.npy,35,9,3,Coin,79
028_001_003.npy,28,1,3,Where,66
042_001_002.npy,42,1,2,Deaf,81
033_007_002.npy,33,7,2,Hungry,85
039_001_005.npy,39,1,5,Name,74
037_006_004.npy,37,6,4,Ship,83
004_007_001.npy,4,7,1,Yellow,50
062_002_004.npy,62,2,4,Realize,114
029_002_003.npy,29,2,3,Mock,141
044_005_003.npy,44,5,3,Rice,63
027_008_002.npy,27,8,2,Last name,41
037_001_001.npy,37,1,1,Ship,69
034_010_004.npy,34,10,4,Map,123
054_004_003.npy,54,4,3,To land,80
041_001_005.npy,41,1,5,Perfume,113
046_006_003.npy,46,6,3,Candy,101
029_007_004.npy,29,7,4,Mock,93
042_003_005.npy,42,3,5,Deaf,80
050_010_005.npy,50,10,5,Accept,90
012_004_003.npy,12,4,3,Man,136
057_005_005.npy,57,5,5,Dance,74
050_003_005.npy,50,3,5,Accept,62
017_003_001.npy,17,3,1,Call,69
002_003_003.npy,2,3,3,Red,63
036_002_005.npy,36,2,5,Music,97
058_007_004.npy,58,7,4,Bathe,89
059_010_004.npy,59,10,4,Buy,83
064_003_002.npy,64,3,2,Find,67
031_010_003.npy,31,10,3,Breakfast,91
034_004_005.npy,34,4,5,Map,126
034_003_005.npy,34,3,5,Map,153
048_009_004.npy,48,9,4,Spaghetti,78
053_002_001.npy,53,2,1,Appear,72
046_002_001.npy,46,2,1,Candy,111
014_006_004.npy,14,6,4,Drawer,55
001_009_001.npy,1,9,1,Opaque,119
016_007_003.npy,16,7,3,Learn,83
059_005_001.npy,59,5,1,Buy,51
006_008_004.npy,6,8,4,Light-blue,143
064_002_001.npy,64,2,1,Find,70
028_003_005.npy,28,3,5,Where,68
025_010_004.npy,25,10,4,Uruguay,80
023_004_001.npy,23,4,1,Food,69
012_001_001.npy,12,1,1,Man,38
048_008_003.npy,48,8,3,Spaghetti,115
011_006_002.npy,11,6,2,Son,48
031_010_002.npy,31,10,2,Breakfast,96
036_009_004.npy,36,9,4,Music,81
038_008_001.npy,38,8,1,None,42
038_001_002.npy,38,1,2,None,78
011_007_005.npy,11,7,5,Son,40
018_009_002.npy,18,9,2,Skimmer,102
004_002_005.npy,4,2,5,Yellow,45
025_002_002.npy,25,2,2,Uruguay,93
062_003_001.npy,62,3,1,Realize,65
036_009_005.npy,36,9,5,Music,96
015_006_004.npy,15,6,4,Born,77
062_007_004.npy,62,7,4,Realize,68
032_009_005.npy,32,9,5,Photo,113
001_006_003.npy,1,6,3,Opaque,72
001_008_001.npy,1,8,1,Opaque,47
028_001_001.npy,28,1,1,Where,45
042_004_005.npy,42,4,5,Deaf,82
024_002_002.npy,24,2,2,Argentina,55
011_004_005.npy,11,4,5,Son,81
005_006_001.npy,5,6,1,Bright,97
008_003_005.npy,8,3,5,Pink,65
052_010_004.npy,52,10,4,Shut down,104
008_005_002.npy,8,5,2,Pink,53
059_002_005.npy,59,2,5,Buy,53
002_007_001.npy,2,7,1,Red,78
041_003_001.npy,41,3,1,Perfume,95
003_007_005.npy,3,7,5,Green,66
020_006_005.npy,20,6,5,Sweet milk,50
051_004_002.npy,51,4,2,Thanks,79
060_006_004.npy,60,6,4,Copy,106
040_010_001.npy,40,10,1,Patience,173
032_001_005.npy,32,1,5,Photo,70
049_005_003.npy,49,5,3,Yogurt,161
041_010_001.npy,41,10,1,Perfume,128
018_007_002.npy,18,7,2,Skimmer,92
045_010_002.npy,45,10,2,Barbecue,59
053_009_001.npy,53,9,1,Appear,57
027_005_002.npy,27,5,2,Last name,64
024_009_003.npy,24,9,3,Argentina,67
036_007_001.npy,36,7,1,Music,78
012_003_004.npy,12,3,4,Man,78
052_010_002.npy,52,10,2,Shut down,111
054_001_001.npy,54,1,1,To land,59
006_002_001.npy,6,2,1,Light-blue,107
046_001_001.npy,46,1,1,Candy,114
060_004_003.npy,60,4,3,Copy,98
006_008_001.npy,6,8,1,Light-blue,200
053_002_004.npy,53,2,4,Appear,103
015_002_001.npy,15,2,1,Born,40
020_003_005.npy,20,3,5,Sweet milk,75
002_006_005.npy,2,6,5,Red,106
005_003_005.npy,5,3,5,Bright,103
052_006_005.npy,52,6,5,Shut down,82
003_008_002.npy,3,8,2,Green,66
055_007_004.npy,55,7,4,Catch,54
020_002_004.npy,20,2,4,Sweet milk,46
043_003_001.npy,43,3,1,Trap,75
019_010_005.npy,19,10,5,Bitter,29
028_005_002.npy,28,5,2,Where,79
021_010_002.npy,21,10,2,Milk,79
031_001_005.npy,31,1,5,Breakfast,143
040_003_004.npy,40,3,4,Patience,68
055_009_003.npy,55,9,3,Catch,61
034_008_004.npy,34,8,4,Map,129
012_002_001.npy,12,2,1,Man,106
049_004_003.npy,49,4,3,Yogurt,80
013_009_003.npy,13,9,3,Away,76
062_002_005.npy,62,2,5,Realize,107
003_009_005.npy,3,9,5,Green,66
042_002_001.npy,42,2,1,Deaf,142
006_005_004.npy,6,5,4,Light-blue,110
029_001_004.npy,29,1,4,Mock,110
017_002_004.npy,17,2,4,Call,65
009_009_001.npy,9,9,1,Women,93
046_002_002.npy,46,2,2,Candy,126
007_007_002.npy,7,7,2,Colors,52
031_005_002.npy,31,5,2,Breakfast,124
024_001_002.npy,24,1,2,Argentina,97
056_008_003.npy,56,8,3,Help,54
041_003_003.npy,41,3,3,Perfume,162
057_003_001.npy,57,3,1,Dance,62
064_005_001.npy,64,5,1,Find,99
008_008_003.npy,8,8,3,Pink,41
031_001_001.npy,31,1,1,Breakfast,144
007_009_004.npy,7,9,4,Colors,53
056_001_002.npy,56,1,2,Help,60
048_008_001.npy,48,8,1,Spaghetti,132
027_003_003.npy,27,3,3,Last name,76
007_010_005.npy,7,10,5,Colors,44
044_001_005.npy,44,1,5,Rice,101
001_003_002.npy,1,3,2,Opaque,67
006_009_005.npy,6,9,5,Light-blue,113
062_008_003.npy,62,8,3,Realize,63
052_001_001.npy,52,1,1,Shut down,108
055_005_001.npy,55,5,1,Catch,50
023_002_004.npy,23,2,4,Food,77
006_001_002.npy,6,1,2,Light-blue,106
014_001_003.npy,14,1,3,Drawer,33
014_004_001.npy,14,4,1,Drawer,66
043_010_005.npy,43,10,5,Trap,83
003_010_002.npy,3,10,2,Green,51
028_003_004.npy,28,3,4,Where,96
044_003_003.npy,44,3,3,Rice,95
040_010_002.npy,40,10,2,Patience,171
052_008_001.npy,52,8,1,Shut down,93
013_010_004.npy,13,10,4,Away,43
025_010_002.npy,25,10,2,Uruguay,141
050_005_004.npy,50,5,4,Accept,104
009_010_005.npy,9,10,5,Women,81
041_001_002.npy,41,1,2,Perfume,132
026_003_001.npy,26,3,1,Country,48
006_010_005.npy,6,10,5,Light-blue,82
064_009_003.npy,64,9,3,Find,45
005_008_004.npy,5,8,4,Bright,122
059_009_001.npy,59,9,1,Buy,69
048_007_001.npy,48,7,1,Spaghetti,79
011_010_004.npy,11,10,4,Son,51
006_002_005.npy,6,2,5,Light-blue,101
009_006_001.npy,9,6,1,Women,76
005_005_003.npy,5,5,3,Bright,96
010_001_001.npy,10,1,1,Enemy,70
018_009_001.npy,18,9,1,Skimmer,60
012_010_004.npy,12,10,4,Man,78
016_009_003.npy,16,9,3,Learn,93
012_010_002.npy,12,10,2,Man,73
020_003_002.npy,20,3,2,Sweet milk,62
015_006_002.npy,15,6,2,Born,48
032_008_004.npy,32,8,4,Photo,81
056_008_002.npy,56,8,2,Help,62
018_006_005.npy,18,6,5,Skimmer,75
020_005_003.npy,20,5,3,Sweet milk,68
004_003_005.npy,4,3,5,Yellow,64
056_007_002.npy,56,7,2,Help,67
055_004_003.npy,55,4,3,Catch,67
007_006_004.npy,7,6,4,Colors,76
040_006_002.npy,40,6,2,Patience,114
048_002_002.npy,48,2,2,Spaghetti,136
041_002_004.npy,41,2,4,Perfume,140
063_008_001.npy,63,8,1,Give,88
061_003_005.npy,61,3,5,Run,90
010_005_001.npy,10,5,1,Enemy,79
057_006_003.npy,57,6,3,Dance,70
017_009_005.npy,17,9,5,Call,42
018_001_003.npy,18,1,3,Skimmer,66
002_004_003.npy,2,4,3,Red,123
032_002_004.npy,32,2,4,Photo,77
007_001_001.npy,7,1,1,Colors,56
002_005_002.npy,2,5,2,Red,96
017_004_003.npy,17,4,3,Call,48
056_010_002.npy,56,10,2,Help,104
010_002_004.npy,10,2,4,Enemy,72
016_010_005.npy,16,10,5,Learn,55
002_009_005.npy,2,9,5,Red,91
010_009_004.npy,10,9,4,Enemy,83
043_008_004.npy,43,8,4,Trap,80
020_008_001.npy,20,8,1,Sweet milk,46
033_007_001.npy,33,7,1,Hungry,78
003_001_004.npy,3,1,4,Green,72
035_007_005.npy,35,7,5,Coin,74
031_003_003.npy,31,3,3,Breakfast,135
036_005_003.npy,36,5,3,Music,77
062_002_001.npy,62,2,1,Realize,72
028_005_005.npy,28,5,5,Where,56
062_001_003.npy,62,1,3,Realize,72
021_002_004.npy,21,2,4,Milk,104
023_002_003.npy,23,2,3,Food,79
061_005_005.npy,61,5,5,Run,55
052_007_001.npy,52,7,1,Shut down,70
028_010_004.npy,28,10,4,Where,113
014_003_001.npy,14,3,1,Drawer,91
013_002_003.npy,13,2,3,Away,72
062_007_003.npy,62,7,3,Realize,93
015_001_004.npy,15,1,4,Born,41
017_009_002.npy,17,9,2,Call,51
009_004_002.npy,9,4,2,Women,70
023_006_002.npy,23,6,2,Food,79
023_005_004.npy,23,5,4,Food,67
017_006_001.npy,17,6,1,Call,75
030_005_005.npy,30,5,5,Birthday,132
030_003_002.npy,30,3,2,Birthday,80
039_005_002.npy,39,5,2,Name,143
029_001_003.npy,29,1,3,Mock,77
060_009_002.npy,60,9,2,Copy,56
012_002_002.npy,12,2,2,Man,81
010_008_005.npy,10,8,5,Enemy,50
030_010_003.npy,30,10,3,Birthday,145
025_002_001.npy,25,2,1,Uruguay,101
047_003_001.npy,47,3,1,Chewing-gum,107
063_004_003.npy,63,4,3,Give,48
006_010_002.npy,6,10,2,Light-blue,104
032_002_005.npy,32,2,5,Photo,98
060_009_003.npy,60,9,3,Copy,84
013_007_002.npy,13,7,2,Away,52
020_005_001.npy,20,5,1,Sweet milk,69
053_006_003.npy,53,6,3,Appear,113
038_005_002.npy,38,5,2,None,103
027_003_004.npy,27,3,4,Last name,59
019_006_005.npy,19,6,5,Bitter,49
051_009_004.npy,51,9,4,Thanks,88
009_008_002.npy,9,8,2,Women,78
051_010_003.npy,51,10,3,Thanks,63
012_007_001.npy,12,7,1,Man,81
047_004_001.npy,47,4,1,Chewing-gum,77
034_009_003.npy,34,9,3,Map,142
021_002_005.npy,21,2,5,Milk,83
019_001_001.npy,19,1,1,Bitter,52
040_005_002.npy,40,5,2,Patience,62
031_004_002.npy,31,4,2,Breakfast,95
060_007_005.npy,60,7,5,Copy,93
059_006_004.npy,59,6,4,Buy,86
015_004_001.npy,15,4,1,Born,98
045_009_004.npy,45,9,4,Barbecue,127
041_008_001.npy,41,8,1,Perfume,134
046_004_001.npy,46,4,1,Candy,60
032_001_003.npy,32,1,3,Photo,77
043_009_005.npy,43,9,5,Trap,55
004_010_001.npy,4,10,1,Yellow,43
009_005_001.npy,9,5,1,Women,99
056_003_005.npy,56,3,5,Help,71
042_005_002.npy,42,5,2,Deaf,106
028_007_003.npy,28,7,3,Where,144
010_002_003.npy,10,2,3,Enemy,74
061_009_001.npy,61,9,1,Run,64
045_006_003.npy,45,6,3,Barbecue,117
039_001_001.npy,39,1,1,Name,47
049_008_004.npy,49,8,4,Yogurt,108
051_004_003.npy,51,4,3,Thanks,82
038_010_004.npy,38,10,4,None,49
061_010_003.npy,61,10,3,Run,60
015_009_004.npy,15,9,4,Born,109
004_005_002.npy,4,5,2,Yellow,64
015_007_003.npy,15,7,3,Born,26
026_005_004.npy,26,5,4,Country,70
006_004_004.npy,6,4,4,Light-blue,111
022_005_001.npy,22,5,1,Water,105
064_005_005.npy,64,5,5,Find,74
003_007_003.npy,3,7,3,Green,52
012_003_003.npy,12,3,3,Man,86
019_004_003.npy,19,4,3,Bitter,67
011_007_002.npy,11,7,2,Son,35
022_003_005.npy,22,3,5,Water,81
038_010_001.npy,38,10,1,None,55
009_007_002.npy,9,7,2,Women,81
055_010_004.npy,55,10,4,Catch,30
029_008_003.npy,29,8,3,Mock,72
060_009_005.npy,60,9,5,Copy,58
008_009_003.npy,8,9,3,Pink,46
062_006_004.npy,62,6,4,Realize,88
056_002_001.npy,56,2,1,Help,109
063_004_004.npy,63,4,4,Give,75
014_008_001.npy,14,8,1,Drawer,66
052_010_001.npy,52,10,1,Shut down,62
026_004_003.npy,26,4,3,Country,61
057_007_005.npy,57,7,5,Dance,85
025_010_005.npy,25,10,5,Uruguay,78
002_002_005.npy,2,2,5,Red,71
033_002_005.npy,33,2,5,Hungry,94
009_002_003.npy,9,2,3,Women,64
002_010_001.npy,2,10,1,Red,110
063_003_002.npy,63,3,2,Give,74
016_004_005.npy,16,4,5,Learn,93
003_001_005.npy,3,1,5,Green,66
050_007_001.npy,50,7,1,Accept,70
015_010_004.npy,15,10,4,Born,19
052_007_004.npy,52,7,4,Shut down,78
028_009_001.npy,28,9,1,Where,139
062_003_003.npy,62,3,3,Realize,64
029_009_001.npy,29,9,1,Mock,64
018_009_003.npy,18,9,3,Skimmer,68
052_003_005.npy,52,3,5,Shut down,69
026_001_002.npy,26,1,2,Country,65
002_001_005.npy,2,1,5,Red,63
055_006_002.npy,55,6,2,Catch,55
020_010_005.npy,20,10,5,Sweet milk,43
063_009_002.npy,63,9,2,Give,71
026_007_005.npy,26,7,5,Country,97
001_008_002.npy,1,8,2,Opaque,41
016_007_001.npy,16,7,1,Learn,88
032_008_003.npy,32,8,3,Photo,89
058_010_002.npy,58,10,2,Bathe,85
001_001_003.npy,1,1,3,Opaque,73
058_006_004.npy,58,6,4,Bathe,140
053_006_002.npy,53,6,2,Appear,77
007_009_005.npy,7,9,5,Colors,31
042_003_003.npy,42,3,3,Deaf,102
058_004_004.npy,58,4,4,Bathe,109
015_002_003.npy,15,2,3,Born,134
061_004_004.npy,61,4,4,Run,65
022_005_002.npy,22,5,2,Water,63
020_004_003.npy,20,4,3,Sweet milk,59
046_005_001.npy,46,5,1,Candy,143
009_009_004.npy,9,9,4,Women,57
029_008_004.npy,29,8,4,Mock,71
031_003_002.npy,31,3,2,Breakfast,96
019_006_003.npy,19,6,3,Bitter,56
033_005_004.npy,33,5,4,Hungry,57
049_007_005.npy,49,7,5,Yogurt,91
040_002_001.npy,40,2,1,Patience,112
007_008_002.npy,7,8,2,Colors,46
031_001_004.npy,31,1,4,Breakfast,119
039_007_002.npy,39,7,2,Name,48
020_010_003.npy,20,10,3,Sweet milk,50
053_004_004.npy,53,4,4,Appear,44
041_009_004.npy,41,9,4,Perfume,91
026_007_003.npy,26,7,3,Country,51
036_004_001.npy,36,4,1,Music,65
038_009_002.npy,38,9,2,None,87
051_008_005.npy,51,8,5,Thanks,106
026_006_002.npy,26,6,2,Country,114
015_008_003.npy,15,8,3,Born,79
032_005_004.npy,32,5,4,Photo,84
008_001_001.npy,8,1,1,Pink,45
006_004_003.npy,6,4,3,Light-blue,135
013_010_002.npy,13,10,2,Away,53
049_010_002.npy,49,10,2,Yogurt,113
005_006_005.npy,5,6,5,Bright,93
014_002_001.npy,14,2,1,Drawer,42
019_008_003.npy,19,8,3,Bitter,55
002_001_001.npy,2,1,1,Red,65
021_004_001.npy,21,4,1,Milk,106
017_010_004.npy,17,10,4,Call,43
009_006_005.npy,9,6,5,Women,101
016_006_002.npy,16,6,2,Learn,106
030_002_003.npy,30,2,3,Birthday,83
062_009_003.npy,62,9,3,Realize,74
001_002_005.npy,1,2,5,Opaque,59
018_009_004.npy,18,9,4,Skimmer,68
027_008_003.npy,27,8,3,Last name,74
044_006_005.npy,44,6,5,Rice,77
001_004_001.npy,1,4,1,Opaque,83
034_004_004.npy,34,4,4,Map,114
059_008_005.npy,59,8,5,Buy,91
032_002_002.npy,32,2,2,Photo,70
039_002_002.npy,39,2,2,Name,113
010_008_001.npy,10,8,1,Enemy,76
041_002_001.npy,41,2,1,Perfume,137
040_003_002.npy,40,3,2,Patience,95
061_006_005.npy,61,6,5,Run,171
009_004_003.npy,9,4,3,Women,75
004_004_004.npy,4,4,4,Yellow,72
063_007_002.npy,63,7,2,Give,62
020_010_001.npy,20,10,1,Sweet milk,73
042_006_003.npy,42,6,3,Deaf,145
001_004_005.npy,1,4,5,Opaque,51
045_003_002.npy,45,3,2,Barbecue,115
038_010_002.npy,38,10,2,None,62
030_005_004.npy,30,5,4,Birthday,138
045_008_005.npy,45,8,5,Barbecue,109
009_003_003.npy,9,3,3,Women,110
027_009_001.npy,27,9,1,Last name,70
031_002_002.npy,31,2,2,Breakfast,153
056_005_001.npy,56,5,1,Help,59
051_010_001.npy,51,10,1,Thanks,71
038_010_003.npy,38,10,3,None,108
061_003_001.npy,61,3,1,Run,66
053_004_003.npy,53,4,3,Appear,46
020_002_001.npy,20,2,1,Sweet milk,57
060_006_002.npy,60,6,2,Copy,70
052_006_001.npy,52,6,1,Shut down,68
033_009_004.npy,33,9,4,Hungry,60
037_008_002.npy,37,8,2,Ship,65
006_009_001.npy,6,9,1,Light-blue,105
022_002_005.npy,22,2,5,Water,78
047_010_004.npy,47,10,4,Chewing-gum,58
045_005_002.npy,45,5,2,Barbecue,97
062_002_003.npy,62,2,3,Realize,97
046_005_004.npy,46,5,4,Candy,69
030_005_003.npy,30,5,3,Birthday,143
014_009_005.npy,14,9,5,Drawer,50
052_007_005.npy,52,7,5,Shut down,87
012_008_002.npy,12,8,2,Man,140
010_004_003.npy,10,4,3,Enemy,62
020_002_002.npy,20,2,2,Sweet milk,52
038_004_003.npy,38,4,3,None,57
019_007_003.npy,19,7,3,Bitter,42
027_006_005.npy,27,6,5,Last name,88
044_009_001.npy,44,9,1,Rice,59
043_005_004.npy,43,5,4,Trap,87
035_003_002.npy,35,3,2,Coin,64
043_008_005.npy,43,8,5,Trap,82
004_005_003.npy,4,5,3,Yellow,57
063_001_002.npy,63,1,2,Give,70
019_007_001.npy,19,7,1,Bitter,52
022_008_001.npy,22,8,1,Water,111
059_010_005.npy,59,10,5,Buy,85
034_010_005.npy,34,10,5,Map,123
032_007_002.npy,32,7,2,Photo,74
023_009_003.npy,23,9,3,Food,84
039_002_005.npy,39,2,5,Name,92
035_001_002.npy,35,1,2,Coin,90
018_005_001.npy,18,5,1,Skimmer,49
038_007_002.npy,38,7,2,None,79
030_004_002.npy,30,4,2,Birthday,84
045_010_003.npy,45,10,3,Barbecue,135
047_009_005.npy,47,9,5,Chewing-gum,76
014_006_001.npy,14,6,1,Drawer,51
017_003_002.npy,17,3,2,Call,62
012_009_005.npy,12,9,5,Man,107
029_002_004.npy,29,2,4,Mock,75
023_008_001.npy,23,8,1,Food,63
022_008_005.npy,22,8,5,Water,79
034_006_002.npy,34,6,2,Map,124
027_010_005.npy,27,10,5,Last name,67
010_005_002.npy,10,5,2,Enemy,107
007_005_005.npy,7,5,5,Colors,65
056_003_003.npy,56,3,3,Help,52
029_003_004.npy,29,3,4,Mock,62
057_008_001.npy,57,8,1,Dance,84
022_002_002.npy,22,2,2,Water,50
044_002_004.npy,44,2,4,Rice,56
019_008_001.npy,19,8,1,Bitter,79
038_003_005.npy,38,3,5,None,68
034_008_003.npy,34,8,3,Map,120
039_010_004.npy,39,10,4,Name,114
007_004_004.npy,7,4,4,Colors,74
006_007_003.npy,6,7,3,Light-blue,103
038_005_001.npy,38,5,1,None,54
017_006_004.npy,17,6,4,Call,50
039_008_005.npy,39,8,5,Name,111
015_003_003.npy,15,3,3,Born,47
044_004_004.npy,44,4,4,Rice,83
053_007_001.npy,53,7,1,Appear,65
003_004_005.npy,3,4,5,Green,58
025_008_004.npy,25,8,4,Uruguay,79
019_010_004.npy,19,10,4,Bitter,49
031_003_001.npy,31,3,1,Breakfast,127
011_001_003.npy,11,1,3,Son,67
034_006_003.npy,34,6,3,Map,157
008_007_003.npy,8,7,3,Pink,46
007_004_005.npy,7,4,5,Colors,68
020_004_002.npy,20,4,2,Sweet milk,76
031_008_004.npy,31,8,4,Breakfast,104
030_007_004.npy,30,7,4,Birthday,97
019_007_002.npy,19,7,2,Bitter,55
017_008_005.npy,17,8,5,Call,62
024_001_001.npy,24,1,1,Argentina,58
039_004_002.npy,39,4,2,Name,96
058_009_001.npy,58,9,1,Bathe,61
004_010_002.npy,4,10,2,Yellow,50
057_002_002.npy,57,2,2,Dance,115
038_004_005.npy,38,4,5,None,68
056_008_005.npy,56,8,5,Help,45
032_005_002.npy,32,5,2,Photo,91
060_003_002.npy,60,3,2,Copy,62
018_001_005.npy,18,1,5,Skimmer,74
018_010_003.npy,18,10,3,Skimmer,74
001_009_005.npy,1,9,5,Opaque,53
062_007_001.npy,62,7,1,Realize,55
034_007_005.npy,34,7,5,Map,133
014_002_002.npy,14,2,2,Drawer,60
045_007_001.npy,45,7,1,Barbecue,110
039_003_003.npy,39,3,3,Name,63
029_006_002.npy,29,6,2,Mock,101
033_001_005.npy,33,1,5,Hungry,56
040_006_005.npy,40,6,5,Patience,98
058_005_004.npy,58,5,4,Bathe,79
045_008_002.npy,45,8,2,Barbecue,106
010_006_001.npy,10,6,1,Enemy,69
015_006_005.npy,15,6,5,Born,79
011_002_005.npy,11,2,5,Son,64
043_009_002.npy,43,9,2,Trap,95
047_009_003.npy,47,9,3,Chewing-gum,79
027_005_005.npy,27,5,5,Last name,60
018_007_004.npy,18,7,4,Skimmer,114
002_008_002.npy,2,8,2,Red,72
035_010_003.npy,35,10,3,Coin,114
019_004_004.npy,19,4,4,Bitter,57
031_005_005.npy,31,5,5,Breakfast,129
050_003_001.npy,50,3,1,Accept,72
054_006_001.npy,54,6,1,To land,67
048_004_004.npy,48,4,4,Spaghetti,108
001_002_002.npy,1,2,2,Opaque,68
030_010_001.npy,30,10,1,Birthday,114
039_010_001.npy,39,10,1,Name,89
064_008_005.npy,64,8,5,Find,49
047_008_002.npy,47,8,2,Chewing-gum,76
001_007_002.npy,1,7,2,Opaque,44
023_007_002.npy,23,7,2,Food,91
055_002_003.npy,55,2,3,Catch,45
045_003_004.npy,45,3,4,Barbecue,156
059_002_002.npy,59,2,2,Buy,112
052_005_002.npy,52,5,2,Shut down,55
050_010_001.npy,50,10,1,Accept,66
062_002_002.npy,62,2,2,Realize,110
038_002_001.npy,38,2,1,None,94
013_008_004.npy,13,8,4,Away,42
037_002_001.npy,37,2,1,Ship,143
049_001_005.npy,49,1,5,Yogurt,172
033_006_001.npy,33,6,1,Hungry,114
036_004_003.npy,36,4,3,Music,70
063_010_004.npy,63,10,4,Give,80
060_009_004.npy,60,9,4,Copy,50
011_004_003.npy,11,4,3,Son,73
056_004_004.npy,56,4,4,Help,48
040_005_004.npy,40,5,4,Patience,121
049_005_001.npy,49,5,1,Yogurt,108
033_001_002.npy,33,1,2,Hungry,49
056_007_001.npy,56,7,1,Help,62
064_009_004.npy,64,9,4,Find,71
034_009_005.npy,34,9,5,Map,133
053_008_001.npy,53,8,1,Appear,114
011_007_004.npy,11,7,4,Son,34
035_002_005.npy,35,2,5,Coin,112
056_002_005.npy,56,2,5,Help,108
063_006_002.npy,63,6,2,Give,80
028_008_004.npy,28,8,4,Where,109
049_010_004.npy,49,10,4,Yogurt,143
058_005_001.npy,58,5,1,Bathe,90
021_003_005.npy,21,3,5,Milk,116
054_005_001.npy,54,5,1,To land,51
016_002_005.npy,16,2,5,Learn,72
064_006_004.npy,64,6,4,Find,82
020_007_002.npy,20,7,2,Sweet milk,53
062_010_001.npy,62,10,1,Realize,67
020_003_003.npy,20,3,3,Sweet milk,69
019_006_001.npy,19,6,1,Bitter,39
002_007_004.npy,2,7,4,Red,59
027_006_001.npy,27,6,1,Last name,70
062_004_001.npy,62,4,1,Realize,89
039_007_005.npy,39,7,5,Name,82
061_010_004.npy,61,10,4,Run,74
013_001_004.npy,13,1,4,Away,75
059_005_005.npy,59,5,5,Buy,40
019_007_004.npy,19,7,4,Bitter,77
007_007_005.npy,7,7,5,Colors,47
016_007_004.npy,16,7,4,Learn,86
029_005_001.npy,29,5,1,Mock,60
020_007_003.npy,20,7,3,Sweet milk,44
062_010_003.npy,62,10,3,Realize,98
024_006_002.npy,24,6,2,Argentina,73
006_007_002.npy,6,7,2,Light-blue,102
059_001_002.npy,59,1,2,Buy,96
009_005_003.npy,9,5,3,Women,101
015_007_005.npy,15,7,5,Born,44
005_002_004.npy,5,2,4,Bright,78
002_006_003.npy,2,6,3,Red,71
022_008_004.npy,22,8,4,Water,85
032_009_002.npy,32,9,2,Photo,92
052_004_001.npy,52,4,1,Shut down,69
015_001_003.npy,15,1,3,Born,44
060_010_005.npy,60,10,5,Copy,78
015_009_001.npy,15,9,1,Born,47
026_009_002.npy,26,9,2,Country,64
026_009_004.npy,26,9,4,Country,62
028_002_003.npy,28,2,3,Where,73
011_008_003.npy,11,8,3,Son,49
008_003_002.npy,8,3,2,Pink,44
027_005_004.npy,27,5,4,Last name,65
052_001_004.npy,52,1,4,Shut down,91
048_006_005.npy,48,6,5,Spaghetti,100
027_001_002.npy,27,1,2,Last name,58
033_005_003.npy,33,5,3,Hungry,74
008_010_001.npy,8,10,1,Pink,56
062_005_002.npy,62,5,2,Realize,113
032_005_003.npy,32,5,3,Photo,87
025_005_003.npy,25,5,3,Uruguay,89
050_008_003.npy,50,8,3,Accept,71
038_003_001.npy,38,3,1,None,79
026_010_005.npy,26,10,5,Country,138
057_005_004.npy,57,5,4,Dance,82
014_008_004.npy,14,8,4,Drawer,80
026_003_003.npy,26,3,3,Country,77
005_001_002.npy,5,1,2,Bright,71
005_005_001.npy,5,5,1,Bright,93
058_001_005.npy,58,1,5,Bathe,94
021_005_001.npy,21,5,1,Milk,65
001_004_004.npy,1,4,4,Opaque,83
032_009_001.npy,32,9,1,Photo,90
005_010_003.npy,5,10,3,Bright,105
037_010_001.npy,37,10,1,Ship,113
057_002_001.npy,57,2,1,Dance,142
045_009_002.npy,45,9,2,Barbecue,105
002_001_002.npy,2,1,2,Red,60
005_004_002.npy,5,4,2,Bright,95
061_009_003.npy,61,9,3,Run,55
018_004_003.npy,18,4,3,Skimmer,69
049_010_003.npy,49,10,3,Yogurt,144
010_003_005.npy,10,3,5,Enemy,76
014_009_004.npy,14,9,4,Drawer,27
029_004_001.npy,29,4,1,Mock,42
041_008_002.npy,41,8,2,Perfume,111
024_002_003.npy,24,2,3,Argentina,55
004_004_005.npy,4,4,5,Yellow,62
022_007_005.npy,22,7,5,Water,74
026_006_003.npy,26,6,3,Country,144
061_003_003.npy,61,3,3,Run,84
004_006_003.npy,4,6,3,Yellow,69
051_009_001.npy,51,9,1,Thanks,108
059_010_003.npy,59,10,3,Buy,114
013_003_003.npy,13,3,3,Away,68
033_004_003.npy,33,4,3,Hungry,68
039_004_003.npy,39,4,3,Name,39
049_010_001.npy,49,10,1,Yogurt,142
057_010_004.npy,57,10,4,Dance,79
041_009_005.npy,41,9,5,Perfume,73
038_008_002.npy,38,8,2,None,75
034_001_004.npy,34,1,4,Map,167
044_007_001.npy,44,7,1,Rice,77
042_010_001.npy,42,10,1,Deaf,115
018_002_003.npy,18,2,3,Skimmer,72
046_009_002.npy,46,9,2,Candy,90
050_010_004.npy,50,10,4,Accept,109
049_003_004.npy,49,3,4,Yogurt,143
034_008_005.npy,34,8,5,Map,128
059_003_003.npy,59,3,3,Buy,53
042_007_002.npy,42,7,2,Deaf,114
056_004_003.npy,56,4,3,Help,80
055_008_003.npy,55,8,3,Catch,72
024_003_005.npy,24,3,5,Argentina,64
012_009_001.npy,12,9,1,Man,91
010_010_005.npy,10,10,5,Enemy,77
009_010_002.npy,9,10,2,Women,75
033_005_002.npy,33,5,2,Hungry,75
017_001_001.npy,17,1,1,Call,54
062_006_002.npy,62,6,2,Realize,78
054_008_003.npy,54,8,3,To land,103
003_002_002.npy,3,2,2,Green,71
050_008_005.npy,50,8,5,Accept,79
031_008_001.npy,31,8,1,Breakfast,104
057_001_001.npy,57,1,1,Dance,66
025_002_004.npy,25,2,4,Uruguay,74
028_006_003.npy,28,6,3,Where,96
022_003_002.npy,22,3,2,Water,98
047_007_002.npy,47,7,2,Chewing-gum,100
051_006_004.npy,51,6,4,Thanks,143
058_010_004.npy,58,10,4,Bathe,99
032_003_005.npy,32,3,5,Photo,93
021_005_002.npy,21,5,2,Milk,102
044_007_005.npy,44,7,5,Rice,77
010_005_003.npy,10,5,3,Enemy,65
035_008_005.npy,35,8,5,Coin,79
048_003_001.npy,48,3,1,Spaghetti,93
002_003_004.npy,2,3,4,Red,70
025_005_005.npy,25,5,5,Uruguay,94
024_005_003.npy,24,5,3,Argentina,61
025_001_004.npy,25,1,4,Uruguay,65
023_001_005.npy,23,1,5,Food,76
024_005_001.npy,24,5,1,Argentina,77
021_010_003.npy,21,10,3,Milk,77
059_010_001.npy,59,10,1,Buy,91
014_005_003.npy,14,5,3,Drawer,65
047_002_005.npy,47,2,5,Chewing-gum,73
037_003_002.npy,37,3,2,Ship,62
027_009_002.npy,27,9,2,Last name,65
011_001_002.npy,11,1,2,Son,50
038_009_005.npy,38,9,5,None,81
034_005_004.npy,34,5,4,Map,124
028_004_003.npy,28,4,3,Where,86
002_004_002.npy,2,4,2,Red,75
042_006_004.npy,42,6,4,Deaf,142
057_008_004.npy,57,8,4,Dance,83
027_009_005.npy,27,9,5,Last name,61
009_006_004.npy,9,6,4,Women,71
056_008_004.npy,56,8,4,Help,52
028_004_005.npy,28,4,5,Where,79
046_001_005.npy,46,1,5,Candy,95
039_009_001.npy,39,9,1,Name,76
038_009_004.npy,38,9,4,None,85
024_002_005.npy,24,2,5,Argentina,59
036_010_003.npy,36,10,3,Music,78
028_007_001.npy,28,7,1,Where,111
033_004_005.npy,33,4,5,Hungry,57
039_006_002.npy,39,6,2,Name,75
018_005_002.npy,18,5,2,Skimmer,71
013_004_001.npy,13,4,1,Away,132
001_007_005.npy,1,7,5,Opaque,49
031_002_005.npy,31,2,5,Breakfast,116
051_003_003.npy,51,3,3,Thanks,99
061_007_001.npy,61,7,1,Run,52
050_008_002.npy,50,8,2,Accept,74
044_007_004.npy,44,7,4,Rice,79
038_004_004.npy,38,4,4,None,46
027_001_001.npy,27,1,1,Last name,71
041_006_001.npy,41,6,1,Perfume,134
033_010_005.npy,33,10,5,Hungry,113
005_005_004.npy,5,5,4,Bright,95
022_004_004.npy,22,4,4,Water,76
035_005_004.npy,35,5,4,Coin,68
043_009_001.npy,43,9,1,Trap,73
044_003_001.npy,44,3,1,Rice,80
044_008_003.npy,44,8,3,Rice,74
042_001_003.npy,42,1,3,Deaf,114
062_006_003.npy,62,6,3,Realize,84
061_008_002.npy,61,8,2,Run,77
011_010_005.npy,11,10,5,Son,50
053_009_005.npy,53,9,5,Appear,57
023_002_001.npy,23,2,1,Food,77
062_007_002.npy,62,7,2,Realize,57
044_002_002.npy,44,2,2,Rice,74
023_010_004.npy,23,10,4,Food,60
050_006_002.npy,50,6,2,Accept,68
004_010_004.npy,4,10,4,Yellow,56
047_004_002.npy,47,4,2,Chewing-gum,64
020_001_005.npy,20,1,5,Sweet milk,79
007_007_004.npy,7,7,4,Colors,49
061_002_005.npy,61,2,5,Run,63
039_009_005.npy,39,9,5,Name,54
035_010_005.npy,35,10,5,Coin,115
044_009_004.npy,44,9,4,Rice,88
005_006_003.npy,5,6,3,Bright,95
050_002_004.npy,50,2,4,Accept,70
014_008_002.npy,14,8,2,Drawer,50
024_003_004.npy,24,3,4,Argentina,61
037_005_004.npy,37,5,4,Ship,82
019_003_001.npy,19,3,1,Bitter,68
001_006_001.npy,1,6,1,Opaque,53
022_005_003.npy,22,5,3,Water,81
044_007_002.npy,44,7,2,Rice,111
007_008_005.npy,7,8,5,Colors,55
043_006_004.npy,43,6,4,Trap,79
042_010_002.npy,42,10,2,Deaf,111
036_008_005.npy,36,8,5,Music,74
008_008_005.npy,8,8,5,Pink,52
059_003_005.npy,59,3,5,Buy,77
033_003_002.npy,33,3,2,Hungry,61
061_010_002.npy,61,10,2,Run,67
022_004_005.npy,22,4,5,Water,88
064_008_003.npy,64,8,3,Find,67
024_008_003.npy,24,8,3,Argentina,62
054_007_001.npy,54,7,1,To land,59
005_004_005.npy,5,4,5,Bright,92
032_007_005.npy,32,7,5,Photo,102
014_005_001.npy,14,5,1,Drawer,37
055_010_001.npy,55,10,1,Catch,41
043_004_002.npy,43,4,2,Trap,70
048_009_001.npy,48,9,1,Spaghetti,77
064_001_003.npy,64,1,3,Find,74
007_001_003.npy,7,1,3,Colors,62
058_004_005.npy,58,4,5,Bathe,106
051_005_003.npy,51,5,3,Thanks,58
019_005_004.npy,19,5,4,Bitter,33
016_008_004.npy,16,8,4,Learn,72
015_008_004.npy,15,8,4,Born,79
008_005_001.npy,8,5,1,Pink,54
002_004_001.npy,2,4,1,Red,98
010_003_001.npy,10,3,1,Enemy,76
049_009_005.npy,49,9,5,Yogurt,69
044_001_003.npy,44,1,3,Rice,84
002_003_002.npy,2,3,2,Red,62
063_003_001.npy,63,3,1,Give,73
002_004_004.npy,2,4,4,Red,68
052_007_003.npy,52,7,3,Shut down,77
014_005_005.npy,14,5,5,Drawer,44
003_010_003.npy,3,10,3,Green,49
043_004_004.npy,43,4,4,Trap,82
043_004_001.npy,43,4,1,Trap,64
063_008_003.npy,63,8,3,Give,97
018_009_005.npy,18,9,5,Skimmer,64
018_001_001.npy,18,1,1,Skimmer,65
059_006_002.npy,59,6,2,Buy,69
003_004_001.npy,3,4,1,Green,69
045_007_002.npy,45,7,2,Barbecue,109
040_008_005.npy,40,8,5,Patience,98
055_001_001.npy,55,1,1,Catch,70
015_004_003.npy,15,4,3,Born,80
062_005_001.npy,62,5,1,Realize,105
050_008_004.npy,50,8,4,Accept,76
018_006_003.npy,18,6,3,Skimmer,102
037_003_003.npy,37,3,3,Ship,79
023_003_004.npy,23,3,4,Food,105
038_002_004.npy,38,2,4,None,78
017_001_005.npy,17,1,5,Call,68
025_003_002.npy,25,3,2,Uruguay,80
054_006_002.npy,54,6,2,To land,91
063_006_005.npy,63,6,5,Give,63
040_003_001.npy,40,3,1,Patience,97
026_007_002.npy,26,7,2,Country,93
029_004_002.npy,29,4,2,Mock,57
062_004_005.npy,62,4,5,Realize,70
057_007_002.npy,57,7,2,Dance,85
022_001_005.npy,22,1,5,Water,92
050_005_001.npy,50,5,1,Accept,67
008_006_003.npy,8,6,3,Pink,62
007_004_002.npy,7,4,2,Colors,73
043_002_004.npy,43,2,4,Trap,60
064_007_002.npy,64,7,2,Find,54
021_005_003.npy,21,5,3,Milk,84
017_002_003.npy,17,2,3,Call,52
013_007_004.npy,13,7,4,Away,56
057_006_002.npy,57,6,2,Dance,71
055_001_002.npy,55,1,2,Catch,86
057_002_005.npy,57,2,5,Dance,111
042_010_004.npy,42,10,4,Deaf,144
016_005_002.npy,16,5,2,Learn,66
016_002_004.npy,16,2,4,Learn,78
020_001_004.npy,20,1,4,Sweet milk,77
016_004_003.npy,16,4,3,Learn,78
050_001_001.npy,50,1,1,Accept,66
004_008_005.npy,4,8,5,Yellow,49
045_001_001.npy,45,1,1,Barbecue,117
026_005_003.npy,26,5,3,Country,90
035_010_001.npy,35,10,1,Coin,113
028_009_004.npy,28,9,4,Where,97
046_001_002.npy,46,1,2,Candy,73
055_009_004.npy,55,9,4,Catch,73
061_008_005.npy,61,8,5,Run,74
058_002_001.npy,58,2,1,Bathe,109
021_004_002.npy,21,4,2,Milk,105
038_007_003.npy,38,7,3,None,78
004_007_002.npy,4,7,2,Yellow,45
037_003_005.npy,37,3,5,Ship,65
037_003_004.npy,37,3,4,Ship,96
017_007_004.npy,17,7,4,Call,53
031_004_005.npy,31,4,5,Breakfast,75
006_009_003.npy,6,9,3,Light-blue,102
050_001_005.npy,50,1,5,Accept,117
058_002_005.npy,58,2,5,Bathe,112
063_010_002.npy,63,10,2,Give,65
010_002_001.npy,10,2,1,Enemy,44
051_002_003.npy,51,2,3,Thanks,99
041_001_001.npy,41,1,1,Perfume,83
011_009_005.npy,11,9,5,Son,38
041_005_004.npy,41,5,4,Perfume,63
007_010_004.npy,7,10,4,Colors,51
038_006_002.npy,38,6,2,None,51
041_004_001.npy,41,4,1,Perfume,89
043_006_003.npy,43,6,3,Trap,95
011_005_001.npy,11,5,1,Son,27
063_002_002.npy,63,2,2,Give,142
060_002_003.npy,60,2,3,Copy,93
021_001_002.npy,21,1,2,Milk,77
064_009_001.npy,64,9,1,Find,89
064_002_003.npy,64,2,3,Find,49
061_001_001.npy,61,1,1,Run,101
039_003_001.npy,39,3,1,Name,70
063_010_001.npy,63,10,1,Give,71
006_005_001.npy,6,5,1,Light-blue,127
033_006_005.npy,33,6,5,Hungry,140
049_002_001.npy,49,2,1,Yogurt,82
017_004_005.npy,17,4,5,Call,67
057_010_001.npy,57,10,1,Dance,100
006_008_003.npy,6,8,3,Light-blue,107
016_008_003.npy,16,8,3,Learn,85
032_006_003.npy,32,6,3,Photo,121
033_007_004.npy,33,7,4,Hungry,119
043_002_002.npy,43,2,2,Trap,96
041_007_002.npy,41,7,2,Perfume,96
044_010_005.npy,44,10,5,Rice,93
035_002_004.npy,35,2,4,Coin,96
061_002_004.npy,61,2,4,Run,67
008_002_004.npy,8,2,4,Pink,72
042_009_001.npy,42,9,1,Deaf,97
011_006_003.npy,11,6,3,Son,69
060_001_002.npy,60,1,2,Copy,102
018_001_002.npy,18,1,2,Skimmer,65
001_010_005.npy,1,10,5,Opaque,71
010_005_004.npy,10,5,4,Enemy,84
029_003_005.npy,29,3,5,Mock,73
052_008_004.npy,52,8,4,Shut down,75
027_010_003.npy,27,10,3,Last name,76
048_009_003.npy,48,9,3,Spaghetti,105
022_003_004.npy,22,3,4,Water,72
003_009_004.npy,3,9,4,Green,65
016_008_002.npy,16,8,2,Learn,76
061_004_001.npy,61,4,1,Run,76
045_006_001.npy,45,6,1,Barbecue,131
055_008_004.npy,55,8,4,Catch,52
029_006_003.npy,29,6,3,Mock,142
004_005_001.npy,4,5,1,Yellow,48
006_003_001.npy,6,3,1,Light-blue,109
032_004_004.npy,32,4,4,Photo,78
006_009_004.npy,6,9,4,Light-blue,75
043_009_004.npy,43,9,4,Trap,51
042_009_003.npy,42,9,3,Deaf,86
021_004_005.npy,21,4,5,Milk,106
019_008_004.npy,19,8,4,Bitter,52
055_002_001.npy,55,2,1,Catch,61
019_001_005.npy,19,1,5,Bitter,54
006_001_001.npy,6,1,1,Light-blue,105
001_002_001.npy,1,2,1,Opaque,93
004_008_001.npy,4,8,1,Yellow,46
062_004_002.npy,62,4,2,Realize,74
022_007_001.npy,22,7,1,Water,86
037_003_001.npy,37,3,1,Ship,84
061_003_002.npy,61,3,2,Run,70
046_003_004.npy,46,3,4,Candy,75
050_003_002.npy,50,3,2,Accept,73
051_001_005.npy,51,1,5,Thanks,107
023_003_005.npy,23,3,5,Food,71
010_003_004.npy,10,3,4,Enemy,66
034_004_003.npy,34,4,3,Map,120
057_002_003.npy,57,2,3,Dance,113
029_002_005.npy,29,2,5,Mock,141
057_001_004.npy,57,1,4,Dance,65
046_007_004.npy,46,7,4,Candy,93
017_001_002.npy,17,1,2,Call,39
043_010_002.npy,43,10,2,Trap,110
013_006_002.npy,13,6,2,Away,83
032_007_003.npy,32,7,3,Photo,75
002_001_004.npy,2,1,4,Red,71
059_006_001.npy,59,6,1,Buy,81
022_006_002.npy,22,6,2,Water,79
062_005_003.npy,62,5,3,Realize,68
025_007_002.npy,25,7,2,Uruguay,71
011_001_004.npy,11,1,4,Son,40
053_010_002.npy,53,10,2,Appear,72
055_009_002.npy,55,9,2,Catch,49
028_010_001.npy,28,10,1,Where,113
044_004_002.npy,44,4,2,Rice,81
034_009_002.npy,34,9,2,Map,147
052_004_005.npy,52,4,5,Shut down,41
025_004_004.npy,25,4,4,Uruguay,65
040_001_001.npy,40,1,1,Patience,99
043_008_002.npy,43,8,2,Trap,78
013_003_002.npy,13,3,2,Away,78
027_007_001.npy,27,7,1,Last name,48
016_001_003.npy,16,1,3,Learn,68
030_004_001.npy,30,4,1,Birthday,70
009_001_002.npy,9,1,2,Women,65
048_005_003.npy,48,5,3,Spaghetti,104
024_005_005.npy,24,5,5,Argentina,62
023_009_005.npy,23,9,5,Food,49
043_005_003.npy,43,5,3,Trap,81
064_003_001.npy,64,3,1,Find,124
038_007_005.npy,38,7,5,None,76
053_005_002.npy,53,5,2,Appear,65
036_001_004.npy,36,1,4,Music,79
011_010_003.npy,11,10,3,Son,26
055_004_002.npy,55,4,2,Catch,79
012_002_004.npy,12,2,4,Man,129
055_003_003.npy,55,3,3,Catch,113
046_010_002.npy,46,10,2,Candy,58
025_010_001.npy,25,10,1,Uruguay,141
033_006_002.npy,33,6,2,Hungry,141
036_003_003.npy,36,3,3,Music,107
026_001_003.npy,26,1,3,Country,99
058_008_001.npy,58,8,1,Bathe,70
056_006_001.npy,56,6,1,Help,61
013_004_002.npy,13,4,2,Away,132
001_010_004.npy,1,10,4,Opaque,50
054_010_004.npy,54,10,4,To land,173
041_003_004.npy,41,3,4,Perfume,105
022_002_001.npy,22,2,1,Water,72
020_005_002.npy,20,5,2,Sweet milk,98
054_010_001.npy,54,10,1,To land,87
029_010_004.npy,29,10,4,Mock,60
053_005_001.npy,53,5,1,Appear,93
006_002_004.npy,6,2,4,Light-blue,111
044_009_003.npy,44,9,3,Rice,71
028_001_005.npy,28,1,5,Where,112
005_006_002.npy,5,6,2,Bright,78
041_010_004.npy,41,10,4,Perfume,73
039_001_002.npy,39,1,2,Name,91
031_003_005.npy,31,3,5,Breakfast,128
020_008_002.npy,20,8,2,Sweet milk,60
054_001_003.npy,54,1,3,To land,103
050_009_001.npy,50,9,1,Accept,66
010_001_002.npy,10,1,2,Enemy,74
019_004_002.npy,19,4,2,Bitter,42
047_009_002.npy,47,9,2,Chewing-gum,101
061_008_004.npy,61,8,4,Run,81
047_001_001.npy,47,1,1,Chewing-gum,76
046_010_003.npy,46,10,3,Candy,64
042_004_004.npy,42,4,4,Deaf,74
063_007_004.npy,63,7,4,Give,78
015_008_001.npy,15,8,1,Born,79
007_006_002.npy,7,6,2,Colors,75
019_005_001.npy,19,5,1,Bitter,46
021_001_004.npy,21,1,4,Milk,101
004_002_004.npy,4,2,4,Yellow,44
058_006_003.npy,58,6,3,Bathe,108
031_008_002.npy,31,8,2,Breakfast,90
028_006_002.npy,28,6,2,Where,115
027_003_001.npy,27,3,1,Last name,89
010_007_004.npy,10,7,4,Enemy,37
054_009_005.npy,54,9,5,To land,88
020_006_002.npy,20,6,2,Sweet milk,71
003_004_004.npy,3,4,4,Green,66
039_003_004.npy,39,3,4,Name,70
054_003_004.npy,54,3,4,To land,83
010_004_001.npy,10,4,1,Enemy,45
035_007_004.npy,35,7,4,Coin,142
029_006_004.npy,29,6,4,Mock,85
006_007_001.npy,6,7,1,Light-blue,108
004_010_003.npy,4,10,3,Yellow,52
053_009_002.npy,53,9,2,Appear,81
063_006_001.npy,63,6,1,Give,78
015_010_005.npy,15,10,5,Born,24
024_008_001.npy,24,8,1,Argentina,41
040_007_001.npy,40,7,1,Patience,85
035_008_002.npy,35,8,2,Coin,90
019_008_005.npy,19,8,5,Bitter,60
028_008_002.npy,28,8,2,Where,81
015_004_005.npy,15,4,5,Born,79
056_002_003.npy,56,2,3,Help,110
052_009_005.npy,52,9,5,Shut down,43
030_003_003.npy,30,3,3,Birthday,105
054_008_002.npy,54,8,2,To land,112
028_010_002.npy,28,10,2,Where,140
053_004_001.npy,53,4,1,Appear,79
053_008_004.npy,53,8,4,Appear,97
003_007_001.npy,3,7,1,Green,60
014_010_003.npy,14,10,3,Drawer,22
010_006_003.npy,10,6,3,Enemy,49
017_004_004.npy,17,4,4,Call,73
053_007_005.npy,53,7,5,Appear,88
016_003_005.npy,16,3,5,Learn,76
042_008_005.npy,42,8,5,Deaf,111
045_006_004.npy,45,6,4,Barbecue,132
033_001_003.npy,33,1,3,Hungry,66
028_002_005.npy,28,2,5,Where,87
047_002_004.npy,47,2,4,Chewing-gum,110
029_008_002.npy,29,8,2,Mock,111
063_001_005.npy,63,1,5,Give,72
042_001_005.npy,42,1,5,Deaf,93
023_005_002.npy,23,5,2,Food,73
060_010_002.npy,60,10,2,Copy,112
020_010_002.npy,20,10,2,Sweet milk,45
058_001_002.npy,58,1,2,Bathe,111
008_001_002.npy,8,1,2,Pink,45
031_001_003.npy,31,1,3,Breakfast,136
007_002_003.npy,7,2,3,Colors,57
046_007_002.npy,46,7,2,Candy,92
064_010_005.npy,64,10,5,Find,137
052_010_003.npy,52,10,3,Shut down,142
018_002_005.npy,18,2,5,Skimmer,82
012_007_003.npy,12,7,3,Man,67
022_005_004.npy,22,5,4,Water,89
044_002_003.npy,44,2,3,Rice,76
027_002_005.npy,27,2,5,Last name,66
025_002_005.npy,25,2,5,Uruguay,140
027_005_001.npy,27,5,1,Last name,51
022_008_003.npy,22,8,3,Water,78
003_008_001.npy,3,8,1,Green,60
028_001_002.npy,28,1,2,Where,75
058_004_001.npy,58,4,1,Bathe,93
023_004_005.npy,23,4,5,Food,70
026_006_001.npy,26,6,1,Country,72
006_006_004.npy,6,6,4,Light-blue,105
057_004_004.npy,57,4,4,Dance,120
025_003_001.npy,25,3,1,Uruguay,75
047_006_003.npy,47,6,3,Chewing-gum,90
039_005_004.npy,39,5,4,Name,75
049_009_003.npy,49,9,3,Yogurt,135
006_010_001.npy,6,10,1,Light-blue,107
035_005_001.npy,35,5,1,Coin,113
047_004_003.npy,47,4,3,Chewing-gum,63
025_001_005.npy,25,1,5,Uruguay,74
019_005_003.npy,19,5,3,Bitter,38
002_007_003.npy,2,7,3,Red,76
063_005_003.npy,63,5,3,Give,45
008_006_002.npy,8,6,2,Pink,68
053_006_005.npy,53,6,5,Appear,112
015_001_002.npy,15,1,2,Born,41
052_003_003.npy,52,3,3,Shut down,51
007_002_004.npy,7,2,4,Colors,65
056_002_004.npy,56,2,4,Help,74
002_002_001.npy,2,2,1,Red,69
014_002_003.npy,14,2,3,Drawer,36
008_004_003.npy,8,4,3,Pink,52
021_004_004.npy,21,4,4,Milk,110
041_010_005.npy,41,10,5,Perfume,98
062_009_002.npy,62,9,2,Realize,76
057_005_002.npy,57,5,2,Dance,69
030_001_004.npy,30,1,4,Birthday,83
023_003_001.npy,23,3,1,Food,99
063_007_001.npy,63,7,1,Give,59
019_007_005.npy,19,7,5,Bitter,55
045_009_005.npy,45,9,5,Barbecue,137
016_010_001.npy,16,10,1,Learn,90
007_007_001.npy,7,7,1,Colors,48
005_009_005.npy,5,9,5,Bright,57
021_002_002.npy,21,2,2,Milk,80
039_001_003.npy,39,1,3,Name,83
058_009_003.npy,58,9,3,Bathe,63
064_002_002.npy,64,2,2,Find,75
008_002_003.npy,8,2,3,Pink,71
025_001_001.npy,25,1,1,Uruguay,94
022_010_005.npy,22,10,5,Water,45
049_006_003.npy,49,6,3,Yogurt,117
048_010_003.npy,48,10,3,Spaghetti,163
040_004_005.npy,40,4,5,Patience,63
038_001_005.npy,38,1,5,None,74
005_008_003.npy,5,8,3,Bright,130
027_006_003.npy,27,6,3,Last name,50
001_006_005.npy,1,6,5,Opaque,99
023_005_003.npy,23,5,3,Food,76
036_002_004.npy,36,2,4,Music,86
025_009_002.npy,25,9,2,Uruguay,62
041_004_003.npy,41,4,3,Perfume,92
005_005_002.npy,5,5,2,Bright,72
023_004_002.npy,23,4,2,Food,139
058_007_005.npy,58,7,5,Bathe,96
031_007_003.npy,31,7,3,Breakfast,113
019_010_001.npy,19,10,1,Bitter,54
058_007_002.npy,58,7,2,Bathe,87
063_001_004.npy,63,1,4,Give,112
038_005_004.npy,38,5,4,None,73
024_010_004.npy,24,10,4,Argentina,80
006_005_002.npy,6,5,2,Light-blue,141
010_006_004.npy,10,6,4,Enemy,66
054_008_005.npy,54,8,5,To land,75
024_010_005.npy,24,10,5,Argentina,85
020_006_003.npy,20,6,3,Sweet milk,47
020_010_004.npy,20,10,4,Sweet milk,34
038_008_003.npy,38,8,3,None,41
025_006_004.npy,25,6,4,Uruguay,113
051_005_004.npy,51,5,4,Thanks,68
037_008_004.npy,37,8,4,Ship,44
013_004_004.npy,13,4,4,Away,106
015_010_003.npy,15,10,3,Born,18
005_004_003.npy,5,4,3,Bright,102
013_002_004.npy,13,2,4,Away,72
021_003_001.npy,21,3,1,Milk,103
005_001_003.npy,5,1,3,Bright,77
043_006_002.npy,43,6,2,Trap,73
021_001_003.npy,21,1,3,Milk,88
063_009_003.npy,63,9,3,Give,70
001_001_004.npy,1,1,4,Opaque,76
064_004_003.npy,64,4,3,Find,70
019_008_002.npy,19,8,2,Bitter,57
001_001_001.npy,1,1,1,Opaque,67
007_003_002.npy,7,3,2,Colors,56
028_002_004.npy,28,2,4,Where,105
019_003_005.npy,19,3,5,Bitter,52
009_003_005.npy,9,3,5,Women,81
016_003_003.npy,16,3,3,Learn,69
062_001_001.npy,62,1,1,Realize,66
029_010_001.npy,29,10,1,Mock,105
026_003_005.npy,26,3,5,Country,57
033_003_003.npy,33,3,3,Hungry,74
008_007_004.npy,8,7,4,Pink,48
012_005_005.npy,12,5,5,Man,111
011_009_003.npy,11,9,3,Son,34
006_010_004.npy,6,10,4,Light-blue,84
013_004_005.npy,13,4,5,Away,72
022_010_001.npy,22,10,1,Water,67
010_009_003.npy,10,9,3,Enemy,46
056_003_002.npy,56,3,2,Help,95
019_003_003.npy,19,3,3,Bitter,74
026_005_001.npy,26,5,1,Country,60
014_004_004.npy,14,4,4,Drawer,87
040_010_005.npy,40,10,5,Patience,143
055_006_003.npy,55,6,3,Catch,105
018_004_005.npy,18,4,5,Skimmer,77
031_006_001.npy,31,6,1,Breakfast,88
021_005_005.npy,21,5,5,Milk,90
003_006_003.npy,3,6,3,Green,99
030_004_005.npy,30,4,5,Birthday,69
004_007_005.npy,4,7,5,Yellow,42
063_004_005.npy,63,4,5,Give,53
048_006_003.npy,48,6,3,Spaghetti,124
053_001_004.npy,53,1,4,Appear,79
033_007_005.npy,33,7,5,Hungry,116
053_008_003.npy,53,8,3,Appear,84
022_003_001.npy,22,3,1,Water,70
023_002_005.npy,23,2,5,Food,80
001_010_001.npy,1,10,1,Opaque,83
020_009_003.npy,20,9,3,Sweet milk,45
038_005_003.npy,38,5,3,None,78
029_007_005.npy,29,7,5,Mock,113
013_007_005.npy,13,7,5,Away,78
007_002_002.npy,7,2,2,Colors,64
054_009_002.npy,54,9,2,To land,80
051_001_004.npy,51,1,4,Thanks,92
016_001_005.npy,16,1,5,Learn,32
013_009_001.npy,13,9,1,Away,93
055_005_005.npy,55,5,5,Catch,49
040_008_001.npy,40,8,1,Patience,78
025_002_003.npy,25,2,3,Uruguay,92
035_009_001.npy,35,9,1,Coin,64
022_009_001.npy,22,9,1,Water,94
044_001_002.npy,44,1,2,Rice,65
009_003_002.npy,9,3,2,Women,84
058_006_002.npy,58,6,2,Bathe,105
001_010_002.npy,1,10,2,Opaque,81
030_003_001.npy,30,3,1,Birthday,88
055_005_002.npy,55,5,2,Catch,49
045_004_004.npy,45,4,4,Barbecue,95
044_010_002.npy,44,10,2,Rice,88
042_001_001.npy,42,1,1,Deaf,113
002_005_005.npy,2,5,5,Red,66
048_006_001.npy,48,6,1,Spaghetti,141
008_008_001.npy,8,8,1,Pink,43
038_006_001.npy,38,6,1,None,68
051_005_002.npy,51,5,2,Thanks,63
005_003_004.npy,5,3,4,Bright,102
018_007_001.npy,18,7,1,Skimmer,78
017_010_002.npy,17,10,2,Call,55
047_008_004.npy,47,8,4,Chewing-gum,78
029_005_005.npy,29,5,5,Mock,113
030_009_004.npy,30,9,4,Birthday,94
055_002_005.npy,55,2,5,Catch,71
045_010_001.npy,45,10,1,Barbecue,99
013_002_005.npy,13,2,5,Away,70
053_003_003.npy,53,3,3,Appear,68
056_004_005.npy,56,4,5,Help,88
029_003_003.npy,29,3,3,Mock,75
034_002_004.npy,34,2,4,Map,172
006_003_005.npy,6,3,5,Light-blue,119
063_005_004.npy,63,5,4,Give,52
031_004_003.npy,31,4,3,Breakfast,93
029_008_001.npy,29,8,1,Mock,76
027_007_004.npy,27,7,4,Last name,74
004_006_005.npy,4,6,5,Yellow,61
024_004_003.npy,24,4,3,Argentina,69
020_007_004.npy,20,7,4,Sweet milk,41
008_009_004.npy,8,9,4,Pink,36
001_009_004.npy,1,9,4,Opaque,40
029_004_005.npy,29,4,5,Mock,93
012_008_004.npy,12,8,4,Man,140
032_009_003.npy,32,9,3,Photo,81
017_007_005.npy,17,7,5,Call,58
028_001_004.npy,28,1,4,Where,77
037_002_002.npy,37,2,2,Ship,142
030_010_002.npy,30,10,2,Birthday,144
040_007_002.npy,40,7,2,Patience,85
060_003_003.npy,60,3,3,Copy,62
058_002_003.npy,58,2,3,Bathe,112
010_002_002.npy,10,2,2,Enemy,48
016_004_004.npy,16,4,4,Learn,82
008_008_002.npy,8,8,2,Pink,36
048_010_005.npy,48,10,5,Spaghetti,116
011_002_003.npy,11,2,3,Son,45
041_007_001.npy,41,7,1,Perfume,91
055_001_003.npy,55,1,3,Catch,74
033_009_001.npy,33,9,1,Hungry,50
040_009_004.npy,40,9,4,Patience,110
002_009_004.npy,2,9,4,Red,88
012_008_001.npy,12,8,1,Man,112
030_008_004.npy,30,8,4,Birthday,107
033_008_001.npy,33,8,1,Hungry,72
007_008_004.npy,7,8,4,Colors,70
033_007_003.npy,33,7,3,Hungry,115
059_002_004.npy,59,2,4,Buy,80
061_004_002.npy,61,4,2,Run,51
063_009_004.npy,63,9,4,Give,69
038_009_001.npy,38,9,1,None,62
026_009_003.npy,26,9,3,Country,85
037_009_001.npy,37,9,1,Ship,85
014_004_002.npy,14,4,2,Drawer,47
013_009_002.npy,13,9,2,Away,60
036_009_002.npy,36,9,2,Music,98
050_009_003.npy,50,9,3,Accept,67
032_008_005.npy,32,8,5,Photo,74
028_008_001.npy,28,8,1,Where,80
062_008_005.npy,62,8,5,Realize,77
010_006_002.npy,10,6,2,Enemy,67
027_002_002.npy,27,2,2,Last name,44
062_001_005.npy,62,1,5,Realize,75
014_002_004.npy,14,2,4,Drawer,39
056_010_005.npy,56,10,5,Help,104
034_001_002.npy,34,1,2,Map,159
058_004_002.npy,58,4,2,Bathe,101
041_007_005.npy,41,7,5,Perfume,102
025_001_002.npy,25,1,2,Uruguay,108
063_002_004.npy,63,2,4,Give,63
018_003_005.npy,18,3,5,Skimmer,94
007_003_004.npy,7,3,4,Colors,70
003_003_005.npy,3,3,5,Green,66
014_006_002.npy,14,6,2,Drawer,41
024_004_001.npy,24,4,1,Argentina,60
010_010_004.npy,10,10,4,Enemy,59
011_003_001.npy,11,3,1,Son,64
002_009_003.npy,2,9,3,Red,93
024_006_005.npy,24,6,5,Argentina,51
012_002_005.npy,12,2,5,Man,80
043_005_001.npy,43,5,1,Trap,88
055_004_001.npy,55,4,1,Catch,41
003_002_005.npy,3,2,5,Green,75
026_002_005.npy,26,2,5,Country,112
009_003_001.npy,9,3,1,Women,69
042_006_001.npy,42,6,1,Deaf,144
051_009_005.npy,51,9,5,Thanks,64
044_004_003.npy,44,4,3,Rice,63
031_010_001.npy,31,10,1,Breakfast,87
008_004_004.npy,8,4,4,Pink,45
057_009_004.npy,57,9,4,Dance,74
038_002_005.npy,38,2,5,None,77
013_010_001.npy,13,10,1,Away,74
061_009_005.npy,61,9,5,Run,61
043_002_001.npy,43,2,1,Trap,68
019_006_002.npy,19,6,2,Bitter,62
049_008_002.npy,49,8,2,Yogurt,79
045_004_001.npy,45,4,1,Barbecue,105
011_005_004.npy,11,5,4,Son,63
017_010_005.npy,17,10,5,Call,52
029_009_004.npy,29,9,4,Mock,72
021_008_005.npy,21,8,5,Milk,97
059_002_003.npy,59,2,3,Buy,60
012_009_004.npy,12,9,4,Man,93
006_007_005.npy,6,7,5,Light-blue,96
050_002_005.npy,50,2,5,Accept,94
006_002_002.npy,6,2,2,Light-blue,98
007_004_001.npy,7,4,1,Colors,62
039_008_002.npy,39,8,2,Name,103
018_008_003.npy,18,8,3,Skimmer,91
024_004_005.npy,24,4,5,Argentina,50
006_003_002.npy,6,3,2,Light-blue,132
011_003_004.npy,11,3,4,Son,67
061_001_002.npy,61,1,2,Run,101
040_006_001.npy,40,6,1,Patience,106
051_003_004.npy,51,3,4,Thanks,92
032_010_001.npy,32,10,1,Photo,90
040_010_003.npy,40,10,3,Patience,144
047_005_005.npy,47,5,5,Chewing-gum,75
037_010_003.npy,37,10,3,Ship,109
046_002_003.npy,46,2,3,Candy,99
028_005_001.npy,28,5,1,Where,78
037_008_005.npy,37,8,5,Ship,53
015_005_003.npy,15,5,3,Born,72
019_002_003.npy,19,2,3,Bitter,43
038_007_004.npy,38,7,4,None,82
037_005_005.npy,37,5,5,Ship,56
056_010_004.npy,56,10,4,Help,106
050_007_004.npy,50,7,4,Accept,87
041_001_003.npy,41,1,3,Perfume,88
049_003_002.npy,49,3,2,Yogurt,97
053_005_003.npy,53,5,3,Appear,141
054_004_004.npy,54,4,4,To land,84
018_002_002.npy,18,2,2,Skimmer,78
018_002_004.npy,18,2,4,Skimmer,83
064_002_004.npy,64,2,4,Find,89
052_004_003.npy,52,4,3,Shut down,65
029_005_004.npy,29,5,4,Mock,63
039_008_003.npy,39,8,3,Name,110
058_010_001.npy,58,10,1,Bathe,90
036_006_003.npy,36,6,3,Music,81
047_007_001.npy,47,7,1,Chewing-gum,83
063_003_003.npy,63,3,3,Give,50
036_004_005.npy,36,4,5,Music,61
058_006_001.npy,58,6,1,Bathe,137
040_002_004.npy,40,2,4,Patience,125
009_010_004.npy,9,10,4,Women,79
042_003_001.npy,42,3,1,Deaf,89
019_002_002.npy,19,2,2,Bitter,56
017_001_004.npy,17,1,4,Call,40
031_010_005.npy,31,10,5,Breakfast,141
032_010_003.npy,32,10,3,Photo,86
026_001_005.npy,26,1,5,Country,97
041_001_004.npy,41,1,4,Perfume,119
046_009_004.npy,46,9,4,Candy,86
017_005_003.npy,17,5,3,Call,57
037_010_002.npy,37,10,2,Ship,111
064_006_001.npy,64,6,1,Find,75
003_005_003.npy,3,5,3,Green,68
054_005_003.npy,54,5,3,To land,48
016_002_002.npy,16,2,2,Learn,75
035_006_004.npy,35,6,4,Coin,110
011_008_001.npy,11,8,1,Son,48
050_005_002.npy,50,5,2,Accept,78
001_006_004.npy,1,6,4,Opaque,97
017_003_005.npy,17,3,5,Call,74
041_007_003.npy,41,7,3,Perfume,96
032_006_005.npy,32,6,5,Photo,126
045_004_003.npy,45,4,3,Barbecue,106
038_001_001.npy,38,1,1,None,70
062_009_001.npy,62,9,1,Realize,68
017_010_003.npy,17,10,3,Call,46
050_004_003.npy,50,4,3,Accept,61
054_003_005.npy,54,3,5,To land,84
030_003_005.npy,30,3,5,Birthday,86
023_004_004.npy,23,4,4,Food,95
063_001_003.npy,63,1,3,Give,82
030_002_001.npy,30,2,1,Birthday,142
057_003_005.npy,57,3,5,Dance,74
020_008_005.npy,20,8,5,Sweet milk,53
019_005_002.npy,19,5,2,Bitter,58
053_005_004.npy,53,5,4,Appear,96
043_008_001.npy,43,8,1,Trap,82
036_005_005.npy,36,5,5,Music,57
009_007_001.npy,9,7,1,Women,82
027_004_002.npy,27,4,2,Last name,67
046_003_005.npy,46,3,5,Candy,76
021_008_002.npy,21,8,2,Milk,105
050_006_005.npy,50,6,5,Accept,109
026_002_004.npy,26,2,4,Country,115
037_006_001.npy,37,6,1,Ship,75
026_002_001.npy,26,2,1,Country,106
046_006_002.npy,46,6,2,Candy,106
005_007_001.npy,5,7,1,Bright,76
019_001_004.npy,19,1,4,Bitter,53
008_004_001.npy,8,4,1,Pink,58
032_003_001.npy,32,3,1,Photo,107
029_003_002.npy,29,3,2,Mock,89
054_005_004.npy,54,5,4,To land,138
017_007_003.npy,17,7,3,Call,33
009_004_005.npy,9,4,5,Women,75
038_005_005.npy,38,5,5,None,70
033_010_003.npy,33,10,3,Hungry,141
028_009_003.npy,28,9,3,Where,95
016_003_001.npy,16,3,1,Learn,72
024_009_005.npy,24,9,5,Argentina,66
036_003_002.npy,36,3,2,Music,110
014_006_005.npy,14,6,5,Drawer,47
024_009_004.npy,24,9,4,Argentina,73
044_006_002.npy,44,6,2,Rice,143
004_007_003.npy,4,7,3,Yellow,46
057_010_002.npy,57,10,2,Dance,59
052_001_002.npy,52,1,2,Shut down,61
045_002_004.npy,45,2,4,Barbecue,133
063_004_001.npy,63,4,1,Give,62
025_009_004.npy,25,9,4,Uruguay,97
031_002_004.npy,31,2,4,Breakfast,165
041_008_004.npy,41,8,4,Perfume,137
020_007_001.npy,20,7,1,Sweet milk,60
049_007_004.npy,49,7,4,Yogurt,112
046_005_002.npy,46,5,2,Candy,74
046_007_005.npy,46,7,5,Candy,90
048_001_005.npy,48,1,5,Spaghetti,106
027_007_002.npy,27,7,2,Last name,70
037_002_003.npy,37,2,3,Ship,113
009_010_001.npy,9,10,1,Women,80
036_001_002.npy,36,1,2,Music,70
043_001_005.npy,43,1,5,Trap,70
030_008_005.npy,30,8,5,Birthday,112
052_009_004.npy,52,9,4,Shut down,46
034_004_002.npy,34,4,2,Map,104
039_005_001.npy,39,5,1,Name,71
003_006_005.npy,3,6,5,Green,97
022_001_001.npy,22,1,1,Water,66
023_010_003.npy,23,10,3,Food,81
051_006_005.npy,51,6,5,Thanks,124
041_004_004.npy,41,4,4,Perfume,79
028_006_005.npy,28,6,5,Where,102
002_003_005.npy,2,3,5,Red,66
034_008_001.npy,34,8,1,Map,135
052_005_003.npy,52,5,3,Shut down,46
001_002_003.npy,1,2,3,Opaque,73
024_006_004.npy,24,6,4,Argentina,70
054_001_002.npy,54,1,2,To land,96
055_002_002.npy,55,2,2,Catch,70
036_002_003.npy,36,2,3,Music,96
021_007_003.npy,21,7,3,Milk,76
005_001_004.npy,5,1,4,Bright,78
031_002_003.npy,31,2,3,Breakfast,129
038_003_003.npy,38,3,3,None,51
035_008_004.npy,35,8,4,Coin,74
018_007_005.npy,18,7,5,Skimmer,105
036_004_004.npy,36,4,4,Music,66
027_001_004.npy,27,1,4,Last name,75
044_010_003.npy,44,10,3,Rice,137
025_007_005.npy,25,7,5,Uruguay,106
018_005_004.npy,18,5,4,Skimmer,73
057_008_003.npy,57,8,3,Dance,71
055_010_002.npy,55,10,2,Catch,29
030_006_002.npy,30,6,2,Birthday,171
047_006_002.npy,47,6,2,Chewing-gum,100
064_009_005.npy,64,9,5,Find,63
012_006_001.npy,12,6,1,Man,141
042_005_003.npy,42,5,3,Deaf,136
058_001_001.npy,58,1,1,Bathe,105
064_008_002.npy,64,8,2,Find,82
030_007_001.npy,30,7,1,Birthday,90
014_005_004.npy,14,5,4,Drawer,60
032_001_002.npy,32,1,2,Photo,84
054_001_004.npy,54,1,4,To land,132
043_010_004.npy,43,10,4,Trap,114
053_004_002.npy,53,4,2,Appear,66
021_003_003.npy,21,3,3,Milk,99
009_005_002.npy,9,5,2,Women,97
054_010_005.npy,54,10,5,To land,144
025_001_003.npy,25,1,3,Uruguay,85
037_004_002.npy,37,4,2,Ship,78
064_001_002.npy,64,1,2,Find,65
002_003_001.npy,2,3,1,Red,64
012_001_005.npy,12,1,5,Man,95
048_003_004.npy,48,3,4,Spaghetti,118
052_006_003.npy,52,6,3,Shut down,81
002_005_004.npy,2,5,4,Red,59
059_007_002.npy,59,7,2,Buy,73
058_008_002.npy,58,8,2,Bathe,72
033_004_002.npy,33,4,2,Hungry,64
046_004_003.npy,46,4,3,Candy,74
043_003_005.npy,43,3,5,Trap,74
035_009_004.npy,35,9,4,Coin,85
012_001_002.npy,12,1,2,Man,68
031_004_004.npy,31,4,4,Breakfast,75
024_010_003.npy,24,10,3,Argentina,62
047_005_001.npy,47,5,1,Chewing-gum,66
016_008_005.npy,16,8,5,Learn,102
062_010_004.npy,62,10,4,Realize,51
005_010_004.npy,5,10,4,Bright,86
055_006_004.npy,55,6,4,Catch,79
023_009_002.npy,23,9,2,Food,93
028_008_003.npy,28,8,3,Where,105
004_002_003.npy,4,2,3,Yellow,61
042_008_004.npy,42,8,4,Deaf,111
014_008_003.npy,14,8,3,Drawer,100
064_004_004.npy,64,4,4,Find,73
019_006_004.npy,19,6,4,Bitter,45
010_007_003.npy,10,7,3,Enemy,38
050_004_002.npy,50,4,2,Accept,77
012_008_003.npy,12,8,3,Man,140
054_010_003.npy,54,10,3,To land,141
045_007_004.npy,45,7,4,Barbecue,99
021_008_003.npy,21,8,3,Milk,100
005_009_003.npy,5,9,3,Bright,70
011_009_001.npy,11,9,1,Son,42
046_009_005.npy,46,9,5,Candy,104
053_006_001.npy,53,6,1,Appear,66
025_010_003.npy,25,10,3,Uruguay,111
057_008_005.npy,57,8,5,Dance,99
032_003_002.npy,32,3,2,Photo,113
057_007_003.npy,57,7,3,Dance,107
007_010_003.npy,7,10,3,Colors,75
046_001_003.npy,46,1,3,Candy,130
002_006_002.npy,2,6,2,Red,76
043_007_001.npy,43,7,1,Trap,55
048_005_002.npy,48,5,2,Spaghetti,135
061_005_003.npy,61,5,3,Run,80
060_009_001.npy,60,9,1,Copy,68
013_008_005.npy,13,8,5,Away,54
051_002_001.npy,51,2,1,Thanks,105
025_004_002.npy,25,4,2,Uruguay,84
053_003_001.npy,53,3,1,Appear,83
013_010_003.npy,13,10,3,Away,51
048_004_003.npy,48,4,3,Spaghetti,109
012_001_003.npy,12,1,3,Man,61
004_009_002.npy,4,9,2,Yellow,43
025_008_005.npy,25,8,5,Uruguay,83
018_010_004.npy,18,10,4,Skimmer,86
008_010_005.npy,8,10,5,Pink,66
056_005_003.npy,56,5,3,Help,53
036_010_002.npy,36,10,2,Music,72
036_001_005.npy,36,1,5,Music,95
031_001_002.npy,31,1,2,Breakfast,154
029_006_005.npy,29,6,5,Mock,108
035_005_005.npy,35,5,5,Coin,95
056_004_001.npy,56,4,1,Help,73
057_009_003.npy,57,9,3,Dance,69
041_002_005.npy,41,2,5,Perfume,170
052_001_005.npy,52,1,5,Shut down,87
055_005_004.npy,55,5,4,Catch,44
014_007_001.npy,14,7,1,Drawer,44
017_006_002.npy,17,6,2,Call,55
047_008_005.npy,47,8,5,Chewing-gum,81
058_005_003.npy,58,5,3,Bathe,65
025_007_001.npy,25,7,1,Uruguay,76
022_007_003.npy,22,7,3,Water,75
035_004_001.npy,35,4,1,Coin,77
018_010_002.npy,18,10,2,Skimmer,51
007_006_003.npy,7,6,3,Colors,66
002_007_005.npy,2,7,5,Red,74
047_009_004.npy,47,9,4,Chewing-gum,91
057_008_002.npy,57,8,2,Dance,108
046_002_004.npy,46,2,4,Candy,112
008_004_005.npy,8,4,5,Pink,51
047_003_002.npy,47,3,2,Chewing-gum,89
002_002_004.npy,2,2,4,Red,65
015_010_002.npy,15,10,2,Born,23
002_007_002.npy,2,7,2,Red,58
058_005_002.npy,58,5,2,Bathe,60
057_004_002.npy,57,4,2,Dance,90
059_006_005.npy,59,6,5,Buy,114
028_010_003.npy,28,10,3,Where,129
011_005_002.npy,11,5,2,Son,29
042_008_001.npy,42,8,1,Deaf,89
057_006_005.npy,57,6,5,Dance,76
016_001_002.npy,16,1,2,Learn,62
035_009_002.npy,35,9,2,Coin,110
056_005_005.npy,56,5,5,Help,72
053_008_002.npy,53,8,2,Appear,82
041_010_002.npy,41,10,2,Perfume,94
003_001_003.npy,3,1,3,Green,67
047_010_002.npy,47,10,2,Chewing-gum,107
055_004_004.npy,55,4,4,Catch,54
058_009_004.npy,58,9,4,Bathe,89
044_009_002.npy,44,9,2,Rice,95
028_007_002.npy,28,7,2,Where,103
063_002_005.npy,63,2,5,Give,113
023_003_003.npy,23,3,3,Food,102
013_005_001.npy,13,5,1,Away,101
005_008_002.npy,5,8,2,Bright,124
049_010_005.npy,49,10,5,Yogurt,140
001_006_002.npy,1,6,2,Opaque,67
006_003_003.npy,6,3,3,Light-blue,108
036_001_003.npy,36,1,3,Music,79
033_003_005.npy,33,3,5,Hungry,68
030_008_002.npy,30,8,2,Birthday,112
031_006_005.npy,31,6,5,Breakfast,131
037_010_005.npy,37,10,5,Ship,59
003_004_002.npy,3,4,2,Green,74
021_008_001.npy,21,8,1,Milk,82
051_002_005.npy,51,2,5,Thanks,80
063_001_001.npy,63,1,1,Give,108
021_002_003.npy,21,2,3,Milk,70
021_009_005.npy,21,9,5,Milk,77
042_004_002.npy,42,4,2,Deaf,104
032_005_001.npy,32,5,1,Photo,95
060_006_001.npy,60,6,1,Copy,101
061_009_002.npy,61,9,2,Run,66
049_003_001.npy,49,3,1,Yogurt,85
015_003_004.npy,15,3,4,Born,62
016_006_001.npy,16,6,1,Learn,72
018_008_005.npy,18,8,5,Skimmer,67
056_006_002.npy,56,6,2,Help,73
027_006_004.npy,27,6,4,Last name,68
025_006_002.npy,25,6,2,Uruguay,128
046_005_003.npy,46,5,3,Candy,169
042_005_004.npy,42,5,4,Deaf,85
031_006_002.npy,31,6,2,Breakfast,154
026_008_004.npy,26,8,4,Country,76
037_001_004.npy,37,1,4,Ship,115
061_009_004.npy,61,9,4,Run,87
014_008_005.npy,14,8,5,Drawer,80
044_004_005.npy,44,4,5,Rice,75
053_010_004.npy,53,10,4,Appear,61
036_003_005.npy,36,3,5,Music,107
021_006_003.npy,21,6,3,Milk,54
023_001_004.npy,23,1,4,Food,73
021_002_001.npy,21,2,1,Milk,87
025_005_001.npy,25,5,1,Uruguay,81
054_002_005.npy,54,2,5,To land,107
051_010_004.npy,51,10,4,Thanks,61
051_003_002.npy,51,3,2,Thanks,103
050_007_005.npy,50,7,5,Accept,80
055_009_005.npy,55,9,5,Catch,66
034_010_002.npy,34,10,2,Map,118
015_005_002.npy,15,5,2,Born,64
034_008_002.npy,34,8,2,Map,138
015_003_005.npy,15,3,5,Born,53
051_004_005.npy,51,4,5,Thanks,85
003_005_002.npy,3,5,2,Green,87
061_006_003.npy,61,6,3,Run,70
022_001_002.npy,22,1,2,Water,67
030_002_005.npy,30,2,5,Birthday,111
035_010_002.npy,35,10,2,Coin,114
025_008_003.npy,25,8,3,Uruguay,84
025_004_005.npy,25,4,5,Uruguay,89
040_006_004.npy,40,6,4,Patience,102
032_008_001.npy,32,8,1,Photo,86
039_006_003.npy,39,6,3,Name,110
027_010_001.npy,27,10,1,Last name,70
026_007_004.npy,26,7,4,Country,109
015_007_004.npy,15,7,4,Born,43
041_008_005.npy,41,8,5,Perfume,116
002_008_003.npy,2,8,3,Red,80
023_003_002.npy,23,3,2,Food,73
024_006_003.npy,24,6,3,Argentina,64
025_003_005.npy,25,3,5,Uruguay,77
001_003_004.npy,1,3,4,Opaque,73
028_003_001.npy,28,3,1,Where,92
059_010_002.npy,59,10,2,Buy,82
001_010_003.npy,1,10,3,Opaque,75
052_005_004.npy,52,5,4,Shut down,39
027_004_001.npy,27,4,1,Last name,78
051_004_004.npy,51,4,4,Thanks,75
022_009_003.npy,22,9,3,Water,97
058_005_005.npy,58,5,5,Bathe,81
064_007_005.npy,64,7,5,Find,37
041_007_004.npy,41,7,4,Perfume,102
060_008_005.npy,60,8,5,Copy,82
062_005_005.npy,62,5,5,Realize,112
024_006_001.npy,24,6,1,Argentina,63
017_008_003.npy,17,8,3,Call,56
007_006_005.npy,7,6,5,Colors,74
040_007_004.npy,40,7,4,Patience,107
030_009_003.npy,30,9,3,Birthday,94
024_009_001.npy,24,9,1,Argentina,79
040_005_005.npy,40,5,5,Patience,93
042_002_004.npy,42,2,4,Deaf,114
008_005_003.npy,8,5,3,Pink,65
059_006_003.npy,59,6,3,Buy,85
012_009_002.npy,12,9,2,Man,73
027_008_001.npy,27,8,1,Last name,75
064_004_005.npy,64,4,5,Find,85
013_004_003.npy,13,4,3,Away,111
040_001_002.npy,40,1,2,Patience,70
008_006_001.npy,8,6,1,Pink,48
057_009_001.npy,57,9,1,Dance,68
042_003_002.npy,42,3,2,Deaf,84
026_010_002.npy,26,10,2,Country,113
003_003_001.npy,3,3,1,Green,79
058_009_005.npy,58,9,5,Bathe,74
052_008_002.npy,52,8,2,Shut down,50
014_003_003.npy,14,3,3,Drawer,56
027_009_003.npy,27,9,3,Last name,59
028_009_005.npy,28,9,5,Where,85
024_010_001.npy,24,10,1,Argentina,59
007_003_003.npy,7,3,3,Colors,72
011_010_002.npy,11,10,2,Son,54
039_002_004.npy,39,2,4,Name,93
059_001_003.npy,59,1,3,Buy,71
014_004_003.npy,14,4,3,Drawer,62
063_008_004.npy,63,8,4,Give,77
021_003_004.npy,21,3,4,Milk,104
046_003_001.npy,46,3,1,Candy,57
044_009_005.npy,44,9,5,Rice,127
055_007_002.npy,55,7,2,Catch,46
007_007_003.npy,7,7,3,Colors,44
037_006_005.npy,37,6,5,Ship,97
011_008_002.npy,11,8,2,Son,52
057_003_003.npy,57,3,3,Dance,128
048_001_004.npy,48,1,4,Spaghetti,139
053_002_002.npy,53,2,2,Appear,101
060_007_004.npy,60,7,4,Copy,86
001_008_004.npy,1,8,4,Opaque,71
012_003_001.npy,12,3,1,Man,88
024_002_004.npy,24,2,4,Argentina,79
050_005_005.npy,50,5,5,Accept,102
035_004_002.npy,35,4,2,Coin,64
002_010_003.npy,2,10,3,Red,98
048_003_003.npy,48,3,3,Spaghetti,113
063_003_004.npy,63,3,4,Give,71
040_005_003.npy,40,5,3,Patience,99
055_006_005.npy,55,6,5,Catch,82
060_002_004.npy,60,2,4,Copy,87
036_008_001.npy,36,8,1,Music,77
044_003_004.npy,44,3,4,Rice,80
019_001_003.npy,19,1,3,Bitter,34
019_003_002.npy,19,3,2,Bitter,68
041_002_002.npy,41,2,2,Perfume,142
038_002_003.npy,38,2,3,None,77
015_009_003.npy,15,9,3,Born,46
008_007_005.npy,8,7,5,Pink,35
057_009_005.npy,57,9,5,Dance,83
016_007_005.npy,16,7,5,Learn,108
057_005_003.npy,57,5,3,Dance,93
016_004_001.npy,16,4,1,Learn,71
028_004_002.npy,28,4,2,Where,86
037_004_001.npy,37,4,1,Ship,66
049_009_002.npy,49,9,2,Yogurt,113
028_006_004.npy,28,6,4,Where,105
029_006_001.npy,29,6,1,Mock,141
032_007_004.npy,32,7,4,Photo,66
052_002_004.npy,52,2,4,Shut down,65
006_004_002.npy,6,4,2,Light-blue,124
039_005_003.npy,39,5,3,Name,108
013_008_002.npy,13,8,2,Away,72
005_003_002.npy,5,3,2,Bright,98
051_009_003.npy,51,9,3,Thanks,73
041_003_005.npy,41,3,5,Perfume,108
